source_path,saved_path,true_class,predicted_class,confidence,is_correct
C:\Users\sasha\PycharmProjects\seatbelt_recognition\data\processed\test\correct_belt\1120375_jpg.rf.rQ5zoq0SJwyK1Ee4eafV.jpg,C:\Users\sasha\PycharmProjects\seatbelt_recognition\results\prediction_examples\wrong\true_correct_belt__pred_no_belt\conf_0.7697__1120375_jpg.rf.rQ5zoq0SJwyK1Ee4eafV.jpg,correct_belt,no_belt,0.7696933746337891,False
C:\Users\sasha\PycharmProjects\seatbelt_recognition\data\processed\test\correct_belt\3EKD1P9N93H5_jpg.rf.aX4QcNmJOMXnpDARO5Kq.jpg,C:\Users\sasha\PycharmProjects\seatbelt_recognition\results\prediction_examples\correct\correct_belt\conf_0.9749__3EKD1P9N93H5_jpg.rf.aX4QcNmJOMXnpDARO5Kq.jpg,correct_belt,correct_belt,0.9749230146408081,True
C:\Users\sasha\PycharmProjects\seatbelt_recognition\data\processed\test\correct_belt\3SXJ98XRDMJ0_jpg.rf.fbaF7F2Lw4vSV47FlltT.jpg,C:\Users\sasha\PycharmProjects\seatbelt_recognition\results\prediction_examples\correct\correct_belt\conf_0.9989__3SXJ98XRDMJ0_jpg.rf.fbaF7F2Lw4vSV47FlltT.jpg,correct_belt,correct_belt,0.9989283680915833,True
C:\Users\sasha\PycharmProjects\seatbelt_recognition\data\processed\test\correct_belt\4639119943_64ca657c73_o_jpg.rf.llNoFElsRM9hEapsBPCx.jpg,C:\Users\sasha\PycharmProjects\seatbelt_recognition\results\prediction_examples\correct\correct_belt\conf_0.9539__4639119943_64ca657c73_o_jpg.rf.llNoFElsRM9hEapsBPCx.jpg,correct_belt,correct_belt,0.9538596272468567,True
C:\Users\sasha\PycharmProjects\seatbelt_recognition\data\processed\test\correct_belt\4PQORLJ9IBPV_jpg.rf.cVnPulgPYxtcxgi1HSuP.jpg,C:\Users\sasha\PycharmProjects\seatbelt_recognition\results\prediction_examples\correct\correct_belt\conf_1.0000__4PQORLJ9IBPV_jpg.rf.cVnPulgPYxtcxgi1HSuP.jpg,correct_belt,correct_belt,0.999998927116394,True
C:\Users\sasha\PycharmProjects\seatbelt_recognition\data\processed\test\correct_belt\8XNNAD2R3SE4_jpg.rf.ZGfJBBhdA4YrcbHaEcyR.jpg,C:\Users\sasha\PycharmProjects\seatbelt_recognition\results\prediction_examples\correct\correct_belt\conf_0.9995__8XNNAD2R3SE4_jpg.rf.ZGfJBBhdA4YrcbHaEcyR.jpg,correct_belt,correct_belt,0.9995274543762207,True
C:\Users\sasha\PycharmProjects\seatbelt_recognition\data\processed\test\correct_belt\9QPMK9AEBXXM_jpg.rf.hrBe2puTID80mBD8qJdJ.jpg,C:\Users\sasha\PycharmProjects\seatbelt_recognition\results\prediction_examples\correct\correct_belt\conf_0.6072__9QPMK9AEBXXM_jpg.rf.hrBe2puTID80mBD8qJdJ.jpg,correct_belt,correct_belt,0.6072232127189636,True
C:\Users\sasha\PycharmProjects\seatbelt_recognition\data\processed\test\correct_belt\AJK5SQ19JCEW_jpg.rf.BO4I7aBJwEdXB7gm338Q.jpg,C:\Users\sasha\PycharmProjects\seatbelt_recognition\results\prediction_examples\correct\correct_belt\conf_0.9951__AJK5SQ19JCEW_jpg.rf.BO4I7aBJwEdXB7gm338Q.jpg,correct_belt,correct_belt,0.9951287508010864,True
C:\Users\sasha\PycharmProjects\seatbelt_recognition\data\processed\test\correct_belt\AMYVSTH0RDYH_jpg.rf.cAlnn2rjRJ30WvJoKpIl.jpg,C:\Users\sasha\PycharmProjects\seatbelt_recognition\results\prediction_examples\correct\correct_belt\conf_0.9096__AMYVSTH0RDYH_jpg.rf.cAlnn2rjRJ30WvJoKpIl.jpg,correct_belt,correct_belt,0.9095679521560669,True
C:\Users\sasha\PycharmProjects\seatbelt_recognition\data\processed\test\correct_belt\AXPCFJW9FRGL_jpg.rf.eGXqVs2IhGCCLcbzQ80s.jpg,C:\Users\sasha\PycharmProjects\seatbelt_recognition\results\prediction_examples\correct\correct_belt\conf_1.0000__AXPCFJW9FRGL_jpg.rf.eGXqVs2IhGCCLcbzQ80s.jpg,correct_belt,correct_belt,0.9999817609786987,True
C:\Users\sasha\PycharmProjects\seatbelt_recognition\data\processed\test\correct_belt\B3J5FYGILV3N_jpg.rf.Rr6TZSChG9eqdRJYws80.jpg,C:\Users\sasha\PycharmProjects\seatbelt_recognition\results\prediction_examples\correct\correct_belt\conf_1.0000__B3J5FYGILV3N_jpg.rf.Rr6TZSChG9eqdRJYws80.jpg,correct_belt,correct_belt,0.9999923706054688,True
C:\Users\sasha\PycharmProjects\seatbelt_recognition\data\processed\test\correct_belt\BHQ3NKJX6AEN_jpg.rf.A72IuYCVUHgsmFxTeLt5.jpg,C:\Users\sasha\PycharmProjects\seatbelt_recognition\results\prediction_examples\correct\correct_belt\conf_1.0000__BHQ3NKJX6AEN_jpg.rf.A72IuYCVUHgsmFxTeLt5.jpg,correct_belt,correct_belt,0.999964714050293,True
C:\Users\sasha\PycharmProjects\seatbelt_recognition\data\processed\test\correct_belt\BSV0WLDGZ0RT_jpg.rf.F6pW6qvGHErcWv64e3OC.jpg,C:\Users\sasha\PycharmProjects\seatbelt_recognition\results\prediction_examples\correct\correct_belt\conf_0.9950__BSV0WLDGZ0RT_jpg.rf.F6pW6qvGHErcWv64e3OC.jpg,correct_belt,correct_belt,0.9950498938560486,True
C:\Users\sasha\PycharmProjects\seatbelt_recognition\data\processed\test\correct_belt\Benefits-of-Wearing-a-Seatbelt-1024x683_jpg.rf.MdXWy2Fur8akBFxIrYzP.jpg,C:\Users\sasha\PycharmProjects\seatbelt_recognition\results\prediction_examples\correct\correct_belt\conf_0.7604__Benefits-of-Wearing-a-Seatbelt-1024x683_jpg.rf.MdXWy2Fur8akBFxIrYzP.jpg,correct_belt,correct_belt,0.760371744632721,True
C:\Users\sasha\PycharmProjects\seatbelt_recognition\data\processed\test\correct_belt\CALMMPCHX1VT_jpg.rf.H6xaU0jSodUgtOfp8Qg4.jpg,C:\Users\sasha\PycharmProjects\seatbelt_recognition\results\prediction_examples\correct\correct_belt\conf_1.0000__CALMMPCHX1VT_jpg.rf.H6xaU0jSodUgtOfp8Qg4.jpg,correct_belt,correct_belt,0.9999750852584839,True
C:\Users\sasha\PycharmProjects\seatbelt_recognition\data\processed\test\correct_belt\CEUJRWOCZM8R_jpg.rf.wJme1GC7MkjdJDdcOIA1.jpg,C:\Users\sasha\PycharmProjects\seatbelt_recognition\results\prediction_examples\correct\correct_belt\conf_0.9999__CEUJRWOCZM8R_jpg.rf.wJme1GC7MkjdJDdcOIA1.jpg,correct_belt,correct_belt,0.999860405921936,True
C:\Users\sasha\PycharmProjects\seatbelt_recognition\data\processed\test\correct_belt\D6GT9NHZSKLL_jpg.rf.Lqo2ULPS2Tk28G0vRoF3.jpg,C:\Users\sasha\PycharmProjects\seatbelt_recognition\results\prediction_examples\correct\correct_belt\conf_0.9716__D6GT9NHZSKLL_jpg.rf.Lqo2ULPS2Tk28G0vRoF3.jpg,correct_belt,correct_belt,0.971595823764801,True
C:\Users\sasha\PycharmProjects\seatbelt_recognition\data\processed\test\correct_belt\DTI6BIYB5C04_jpg.rf.O8n6xBBtZU59YS7vexdG.jpg,C:\Users\sasha\PycharmProjects\seatbelt_recognition\results\prediction_examples\correct\correct_belt\conf_0.9997__DTI6BIYB5C04_jpg.rf.O8n6xBBtZU59YS7vexdG.jpg,correct_belt,correct_belt,0.9996654987335205,True
C:\Users\sasha\PycharmProjects\seatbelt_recognition\data\processed\test\correct_belt\EDQP4GM55HSU_jpg.rf.biipqmJkUD2KHi5u2lKw.jpg,C:\Users\sasha\PycharmProjects\seatbelt_recognition\results\prediction_examples\correct\correct_belt\conf_0.9982__EDQP4GM55HSU_jpg.rf.biipqmJkUD2KHi5u2lKw.jpg,correct_belt,correct_belt,0.9981805086135864,True
C:\Users\sasha\PycharmProjects\seatbelt_recognition\data\processed\test\correct_belt\EFDX9V1DR4G0_jpg.rf.QDAJv6O4dTeEUUTenwqu.jpg,C:\Users\sasha\PycharmProjects\seatbelt_recognition\results\prediction_examples\correct\correct_belt\conf_0.9998__EFDX9V1DR4G0_jpg.rf.QDAJv6O4dTeEUUTenwqu.jpg,correct_belt,correct_belt,0.9998036026954651,True
C:\Users\sasha\PycharmProjects\seatbelt_recognition\data\processed\test\correct_belt\EQ1LXB0WQ2VB_jpg.rf.AkusMtZhe0N0aMsNKrro.jpg,C:\Users\sasha\PycharmProjects\seatbelt_recognition\results\prediction_examples\correct\correct_belt\conf_0.6857__EQ1LXB0WQ2VB_jpg.rf.AkusMtZhe0N0aMsNKrro.jpg,correct_belt,correct_belt,0.6857085227966309,True
C:\Users\sasha\PycharmProjects\seatbelt_recognition\data\processed\test\correct_belt\FAB1XAPXUR4G_jpg.rf.lLztoD04VoPImRWuPXQX.jpg,C:\Users\sasha\PycharmProjects\seatbelt_recognition\results\prediction_examples\correct\correct_belt\conf_0.9995__FAB1XAPXUR4G_jpg.rf.lLztoD04VoPImRWuPXQX.jpg,correct_belt,correct_belt,0.9995384216308594,True
C:\Users\sasha\PycharmProjects\seatbelt_recognition\data\processed\test\correct_belt\FPBKKFTZYQZ2_jpg.rf.ZlWmoWHwZsMWhyYgoJTq.jpg,C:\Users\sasha\PycharmProjects\seatbelt_recognition\results\prediction_examples\wrong\true_correct_belt__pred_no_belt\conf_0.7939__FPBKKFTZYQZ2_jpg.rf.ZlWmoWHwZsMWhyYgoJTq.jpg,correct_belt,no_belt,0.7939215898513794,False
C:\Users\sasha\PycharmProjects\seatbelt_recognition\data\processed\test\correct_belt\FXYWE2EO20DU_jpg.rf.PDGrl11Ou5jU1YxgSt27.jpg,C:\Users\sasha\PycharmProjects\seatbelt_recognition\results\prediction_examples\correct\correct_belt\conf_0.9998__FXYWE2EO20DU_jpg.rf.PDGrl11Ou5jU1YxgSt27.jpg,correct_belt,correct_belt,0.9998043179512024,True
C:\Users\sasha\PycharmProjects\seatbelt_recognition\data\processed\test\correct_belt\G3YIN89TMM1I_jpg.rf.t41XGK3kbHxgzLortob2.jpg,C:\Users\sasha\PycharmProjects\seatbelt_recognition\results\prediction_examples\correct\correct_belt\conf_0.9932__G3YIN89TMM1I_jpg.rf.t41XGK3kbHxgzLortob2.jpg,correct_belt,correct_belt,0.993181049823761,True
C:\Users\sasha\PycharmProjects\seatbelt_recognition\data\processed\test\correct_belt\G6PDMIYVCYD4_jpg.rf.8LZflJr06REVtshkICEz.jpg,C:\Users\sasha\PycharmProjects\seatbelt_recognition\results\prediction_examples\correct\correct_belt\conf_1.0000__G6PDMIYVCYD4_jpg.rf.8LZflJr06REVtshkICEz.jpg,correct_belt,correct_belt,0.9999676942825317,True
C:\Users\sasha\PycharmProjects\seatbelt_recognition\data\processed\test\correct_belt\GR35YOPYT1DS_jpg.rf.OOstav1elFBwkLdKVdNj.jpg,C:\Users\sasha\PycharmProjects\seatbelt_recognition\results\prediction_examples\correct\correct_belt\conf_0.9995__GR35YOPYT1DS_jpg.rf.OOstav1elFBwkLdKVdNj.jpg,correct_belt,correct_belt,0.9994792342185974,True
C:\Users\sasha\PycharmProjects\seatbelt_recognition\data\processed\test\correct_belt\GYKC1909CO9O_jpg.rf.Edp8F4Vnfwc3TsrUCDTr.jpg,C:\Users\sasha\PycharmProjects\seatbelt_recognition\results\prediction_examples\correct\correct_belt\conf_1.0000__GYKC1909CO9O_jpg.rf.Edp8F4Vnfwc3TsrUCDTr.jpg,correct_belt,correct_belt,0.9999920129776001,True
C:\Users\sasha\PycharmProjects\seatbelt_recognition\data\processed\test\correct_belt\I0DK0XLM8B30_jpg.rf.ujkV2FILMxX1A7Z51HgF.jpg,C:\Users\sasha\PycharmProjects\seatbelt_recognition\results\prediction_examples\wrong\true_correct_belt__pred_no_belt\conf_0.9970__I0DK0XLM8B30_jpg.rf.ujkV2FILMxX1A7Z51HgF.jpg,correct_belt,no_belt,0.9970455765724182,False
C:\Users\sasha\PycharmProjects\seatbelt_recognition\data\processed\test\correct_belt\IMG_7512_jpg.rf.ccrmRtiKH8MvpXBJq9QF.jpg,C:\Users\sasha\PycharmProjects\seatbelt_recognition\results\prediction_examples\correct\correct_belt\conf_0.9994__IMG_7512_jpg.rf.ccrmRtiKH8MvpXBJq9QF.jpg,correct_belt,correct_belt,0.9994128942489624,True
C:\Users\sasha\PycharmProjects\seatbelt_recognition\data\processed\test\correct_belt\J36TZJOX572S_jpg.rf.fpHNHYcPCntLgbrGOLsg.jpg,C:\Users\sasha\PycharmProjects\seatbelt_recognition\results\prediction_examples\correct\correct_belt\conf_1.0000__J36TZJOX572S_jpg.rf.fpHNHYcPCntLgbrGOLsg.jpg,correct_belt,correct_belt,0.9999895095825195,True
C:\Users\sasha\PycharmProjects\seatbelt_recognition\data\processed\test\correct_belt\JUJZTQHTC9C6_jpg.rf.MMPaIlFxsdJuRKAhc5cc.jpg,C:\Users\sasha\PycharmProjects\seatbelt_recognition\results\prediction_examples\correct\correct_belt\conf_0.9988__JUJZTQHTC9C6_jpg.rf.MMPaIlFxsdJuRKAhc5cc.jpg,correct_belt,correct_belt,0.9988306164741516,True
C:\Users\sasha\PycharmProjects\seatbelt_recognition\data\processed\test\correct_belt\KAENI8LLAN7H_jpg.rf.addPqIwG7p5AAmBsziEz.jpg,C:\Users\sasha\PycharmProjects\seatbelt_recognition\results\prediction_examples\correct\correct_belt\conf_0.9942__KAENI8LLAN7H_jpg.rf.addPqIwG7p5AAmBsziEz.jpg,correct_belt,correct_belt,0.9942126870155334,True
C:\Users\sasha\PycharmProjects\seatbelt_recognition\data\processed\test\correct_belt\KDUPAY1MU4F0_jpg.rf.zhzi1fMx33hk74HlkvJ4.jpg,C:\Users\sasha\PycharmProjects\seatbelt_recognition\results\prediction_examples\correct\correct_belt\conf_0.9949__KDUPAY1MU4F0_jpg.rf.zhzi1fMx33hk74HlkvJ4.jpg,correct_belt,correct_belt,0.994901180267334,True
C:\Users\sasha\PycharmProjects\seatbelt_recognition\data\processed\test\correct_belt\L3O4V7QSTX0Q_jpg.rf.IZD4yzuZz7tB3bfY4sgw.jpg,C:\Users\sasha\PycharmProjects\seatbelt_recognition\results\prediction_examples\correct\correct_belt\conf_0.9994__L3O4V7QSTX0Q_jpg.rf.IZD4yzuZz7tB3bfY4sgw.jpg,correct_belt,correct_belt,0.9993970394134521,True
C:\Users\sasha\PycharmProjects\seatbelt_recognition\data\processed\test\correct_belt\L70P6MZYXRQS_jpg.rf.EiERychtMCC2ODuo6Ws4.jpg,C:\Users\sasha\PycharmProjects\seatbelt_recognition\results\prediction_examples\correct\correct_belt\conf_0.9789__L70P6MZYXRQS_jpg.rf.EiERychtMCC2ODuo6Ws4.jpg,correct_belt,correct_belt,0.978877604007721,True
C:\Users\sasha\PycharmProjects\seatbelt_recognition\data\processed\test\correct_belt\LDRCJWG1AXOZ_jpg.rf.0ZMzRYnQeHMN98q3AkOQ.jpg,C:\Users\sasha\PycharmProjects\seatbelt_recognition\results\prediction_examples\correct\correct_belt\conf_1.0000__LDRCJWG1AXOZ_jpg.rf.0ZMzRYnQeHMN98q3AkOQ.jpg,correct_belt,correct_belt,0.9999990463256836,True
C:\Users\sasha\PycharmProjects\seatbelt_recognition\data\processed\test\correct_belt\LQ29NR2JYFTM_jpg.rf.SQXui9yCy0lpszdTHZHY.jpg,C:\Users\sasha\PycharmProjects\seatbelt_recognition\results\prediction_examples\correct\correct_belt\conf_0.9396__LQ29NR2JYFTM_jpg.rf.SQXui9yCy0lpszdTHZHY.jpg,correct_belt,correct_belt,0.9396346211433411,True
C:\Users\sasha\PycharmProjects\seatbelt_recognition\data\processed\test\correct_belt\M3567UPJGAD8_jpg.rf.Qg8lTlYe1Y29ygovuxct.jpg,C:\Users\sasha\PycharmProjects\seatbelt_recognition\results\prediction_examples\correct\correct_belt\conf_0.6599__M3567UPJGAD8_jpg.rf.Qg8lTlYe1Y29ygovuxct.jpg,correct_belt,correct_belt,0.6599148511886597,True
C:\Users\sasha\PycharmProjects\seatbelt_recognition\data\processed\test\correct_belt\NRQ2BLJ7EQYJ_jpg.rf.0PBOa3ueyBzgCGIaGRVf.jpg,C:\Users\sasha\PycharmProjects\seatbelt_recognition\results\prediction_examples\correct\correct_belt\conf_0.9981__NRQ2BLJ7EQYJ_jpg.rf.0PBOa3ueyBzgCGIaGRVf.jpg,correct_belt,correct_belt,0.9981198906898499,True
C:\Users\sasha\PycharmProjects\seatbelt_recognition\data\processed\test\correct_belt\OEDQJ70XRSIU_jpg.rf.qfDkHW3AS620apMje3EZ.jpg,C:\Users\sasha\PycharmProjects\seatbelt_recognition\results\prediction_examples\correct\correct_belt\conf_0.9989__OEDQJ70XRSIU_jpg.rf.qfDkHW3AS620apMje3EZ.jpg,correct_belt,correct_belt,0.9989334940910339,True
C:\Users\sasha\PycharmProjects\seatbelt_recognition\data\processed\test\correct_belt\OH8Q08DF08EX_jpg.rf.UozzpAxVkHVmrcKVniQW.jpg,C:\Users\sasha\PycharmProjects\seatbelt_recognition\results\prediction_examples\correct\correct_belt\conf_0.9998__OH8Q08DF08EX_jpg.rf.UozzpAxVkHVmrcKVniQW.jpg,correct_belt,correct_belt,0.9998496770858765,True
C:\Users\sasha\PycharmProjects\seatbelt_recognition\data\processed\test\correct_belt\PFMZF4S7EJFF_jpg.rf.T8NmGCvwhgYEMNCzacKf.jpg,C:\Users\sasha\PycharmProjects\seatbelt_recognition\results\prediction_examples\correct\correct_belt\conf_0.9981__PFMZF4S7EJFF_jpg.rf.T8NmGCvwhgYEMNCzacKf.jpg,correct_belt,correct_belt,0.9980534315109253,True
C:\Users\sasha\PycharmProjects\seatbelt_recognition\data\processed\test\correct_belt\PQLF47WQSRQZ_jpg.rf.3NOLrmth31xAx5LcNtEw.jpg,C:\Users\sasha\PycharmProjects\seatbelt_recognition\results\prediction_examples\correct\correct_belt\conf_0.9957__PQLF47WQSRQZ_jpg.rf.3NOLrmth31xAx5LcNtEw.jpg,correct_belt,correct_belt,0.9956992864608765,True
C:\Users\sasha\PycharmProjects\seatbelt_recognition\data\processed\test\correct_belt\PXFC79HK6VNO_jpg.rf.hSwHenOqANF3lL959MRN.jpg,C:\Users\sasha\PycharmProjects\seatbelt_recognition\results\prediction_examples\correct\correct_belt\conf_0.9999__PXFC79HK6VNO_jpg.rf.hSwHenOqANF3lL959MRN.jpg,correct_belt,correct_belt,0.9999356269836426,True
C:\Users\sasha\PycharmProjects\seatbelt_recognition\data\processed\test\correct_belt\Q34PCYP88DVD_jpg.rf.8UzdO0lOAYS4koT4gjKo.jpg,C:\Users\sasha\PycharmProjects\seatbelt_recognition\results\prediction_examples\correct\correct_belt\conf_0.9999__Q34PCYP88DVD_jpg.rf.8UzdO0lOAYS4koT4gjKo.jpg,correct_belt,correct_belt,0.9999147653579712,True
C:\Users\sasha\PycharmProjects\seatbelt_recognition\data\processed\test\correct_belt\QIZ6IR45QKUE_jpg.rf.WeWmLEmYOayFxVPrVSe6.jpg,C:\Users\sasha\PycharmProjects\seatbelt_recognition\results\prediction_examples\correct\correct_belt\conf_0.9999__QIZ6IR45QKUE_jpg.rf.WeWmLEmYOayFxVPrVSe6.jpg,correct_belt,correct_belt,0.9999374151229858,True
C:\Users\sasha\PycharmProjects\seatbelt_recognition\data\processed\test\correct_belt\RCFIZ503RD0H_jpg.rf.ECw7rzIHYomC5eeMhQ5P.jpg,C:\Users\sasha\PycharmProjects\seatbelt_recognition\results\prediction_examples\correct\correct_belt\conf_0.9955__RCFIZ503RD0H_jpg.rf.ECw7rzIHYomC5eeMhQ5P.jpg,correct_belt,correct_belt,0.9954608082771301,True
C:\Users\sasha\PycharmProjects\seatbelt_recognition\data\processed\test\correct_belt\SM7X3TTI4AMI_jpg.rf.lIk9VFITs72OU8HJpF0r.jpg,C:\Users\sasha\PycharmProjects\seatbelt_recognition\results\prediction_examples\correct\correct_belt\conf_0.9987__SM7X3TTI4AMI_jpg.rf.lIk9VFITs72OU8HJpF0r.jpg,correct_belt,correct_belt,0.9986701011657715,True
C:\Users\sasha\PycharmProjects\seatbelt_recognition\data\processed\test\correct_belt\T2PVHX1K5GQT_jpg.rf.OEPj38Mm1FfUODjdZt6u.jpg,C:\Users\sasha\PycharmProjects\seatbelt_recognition\results\prediction_examples\correct\correct_belt\conf_0.9986__T2PVHX1K5GQT_jpg.rf.OEPj38Mm1FfUODjdZt6u.jpg,correct_belt,correct_belt,0.9985792636871338,True
C:\Users\sasha\PycharmProjects\seatbelt_recognition\data\processed\test\correct_belt\TEQHSIGQA0VQ_jpg.rf.wRZgBNEjrDD2iigTfmhy.jpg,C:\Users\sasha\PycharmProjects\seatbelt_recognition\results\prediction_examples\correct\correct_belt\conf_0.5468__TEQHSIGQA0VQ_jpg.rf.wRZgBNEjrDD2iigTfmhy.jpg,correct_belt,correct_belt,0.5467675924301147,True
C:\Users\sasha\PycharmProjects\seatbelt_recognition\data\processed\test\correct_belt\TGG7KXTCFVGN_jpg.rf.wibh6uCJRwhANQrgCQZb.jpg,C:\Users\sasha\PycharmProjects\seatbelt_recognition\results\prediction_examples\correct\correct_belt\conf_1.0000__TGG7KXTCFVGN_jpg.rf.wibh6uCJRwhANQrgCQZb.jpg,correct_belt,correct_belt,0.9999884366989136,True
C:\Users\sasha\PycharmProjects\seatbelt_recognition\data\processed\test\correct_belt\TL67TQWHL78X_jpg.rf.8kc29pAYP0TkBJFtDhpZ.jpg,C:\Users\sasha\PycharmProjects\seatbelt_recognition\results\prediction_examples\correct\correct_belt\conf_0.9998__TL67TQWHL78X_jpg.rf.8kc29pAYP0TkBJFtDhpZ.jpg,correct_belt,correct_belt,0.9998451471328735,True
C:\Users\sasha\PycharmProjects\seatbelt_recognition\data\processed\test\correct_belt\UW124Z2X66GX_jpg.rf.axQ5AZqH1GarCGb4GDB1.jpg,C:\Users\sasha\PycharmProjects\seatbelt_recognition\results\prediction_examples\correct\correct_belt\conf_0.9999__UW124Z2X66GX_jpg.rf.axQ5AZqH1GarCGb4GDB1.jpg,correct_belt,correct_belt,0.9998569488525391,True
C:\Users\sasha\PycharmProjects\seatbelt_recognition\data\processed\test\correct_belt\VA1FBO93E614_jpg.rf.H2iou65HAOHNY32rXFhZ.jpg,C:\Users\sasha\PycharmProjects\seatbelt_recognition\results\prediction_examples\correct\correct_belt\conf_0.9984__VA1FBO93E614_jpg.rf.H2iou65HAOHNY32rXFhZ.jpg,correct_belt,correct_belt,0.9983878135681152,True
C:\Users\sasha\PycharmProjects\seatbelt_recognition\data\processed\test\correct_belt\VRW7OJLGSGGH_jpg.rf.yLIa6x5c3u1HIdiFUC7i.jpg,C:\Users\sasha\PycharmProjects\seatbelt_recognition\results\prediction_examples\correct\correct_belt\conf_0.9836__VRW7OJLGSGGH_jpg.rf.yLIa6x5c3u1HIdiFUC7i.jpg,correct_belt,correct_belt,0.9836485385894775,True
C:\Users\sasha\PycharmProjects\seatbelt_recognition\data\processed\test\correct_belt\VZIX82Z444XS_jpg.rf.DzjK6J9gQvZclfIdyKC4.jpg,C:\Users\sasha\PycharmProjects\seatbelt_recognition\results\prediction_examples\correct\correct_belt\conf_0.9998__VZIX82Z444XS_jpg.rf.DzjK6J9gQvZclfIdyKC4.jpg,correct_belt,correct_belt,0.9997828602790833,True
C:\Users\sasha\PycharmProjects\seatbelt_recognition\data\processed\test\correct_belt\W2GYMAWQ94WO_jpg.rf.AW1p48HhgWviCfnOpcmM.jpg,C:\Users\sasha\PycharmProjects\seatbelt_recognition\results\prediction_examples\correct\correct_belt\conf_1.0000__W2GYMAWQ94WO_jpg.rf.AW1p48HhgWviCfnOpcmM.jpg,correct_belt,correct_belt,0.999991774559021,True
C:\Users\sasha\PycharmProjects\seatbelt_recognition\data\processed\test\correct_belt\W7HOXWSU5TI6_jpg.rf.DFDyiwx6OZjue1wWTftz.jpg,C:\Users\sasha\PycharmProjects\seatbelt_recognition\results\prediction_examples\correct\correct_belt\conf_0.9994__W7HOXWSU5TI6_jpg.rf.DFDyiwx6OZjue1wWTftz.jpg,correct_belt,correct_belt,0.9994375109672546,True
C:\Users\sasha\PycharmProjects\seatbelt_recognition\data\processed\test\correct_belt\X3BWFQ0NDMWE_jpg.rf.uSBHEMfFDFOjeKi06piY.jpg,C:\Users\sasha\PycharmProjects\seatbelt_recognition\results\prediction_examples\correct\correct_belt\conf_1.0000__X3BWFQ0NDMWE_jpg.rf.uSBHEMfFDFOjeKi06piY.jpg,correct_belt,correct_belt,0.9999963045120239,True
C:\Users\sasha\PycharmProjects\seatbelt_recognition\data\processed\test\correct_belt\XA6Y6H3H72JI_jpg.rf.4jYE29dSveaJQcGvvC9V.jpg,C:\Users\sasha\PycharmProjects\seatbelt_recognition\results\prediction_examples\correct\correct_belt\conf_0.9978__XA6Y6H3H72JI_jpg.rf.4jYE29dSveaJQcGvvC9V.jpg,correct_belt,correct_belt,0.9978173971176147,True
C:\Users\sasha\PycharmProjects\seatbelt_recognition\data\processed\test\correct_belt\XD7W3C2OGE61_jpg.rf.gEQHVSQkdsXwZAIynYL9.jpg,C:\Users\sasha\PycharmProjects\seatbelt_recognition\results\prediction_examples\correct\correct_belt\conf_0.9991__XD7W3C2OGE61_jpg.rf.gEQHVSQkdsXwZAIynYL9.jpg,correct_belt,correct_belt,0.9990687966346741,True
C:\Users\sasha\PycharmProjects\seatbelt_recognition\data\processed\test\correct_belt\XPYBIL9J1UWU_jpg.rf.X5F5EH5JHoSUPobEo0rp.jpg,C:\Users\sasha\PycharmProjects\seatbelt_recognition\results\prediction_examples\correct\correct_belt\conf_0.9551__XPYBIL9J1UWU_jpg.rf.X5F5EH5JHoSUPobEo0rp.jpg,correct_belt,correct_belt,0.9551352262496948,True
C:\Users\sasha\PycharmProjects\seatbelt_recognition\data\processed\test\correct_belt\XXBK7RV2IWT8_jpg.rf.qEta11eSmCXBiF9mkcJR.jpg,C:\Users\sasha\PycharmProjects\seatbelt_recognition\results\prediction_examples\correct\correct_belt\conf_0.9804__XXBK7RV2IWT8_jpg.rf.qEta11eSmCXBiF9mkcJR.jpg,correct_belt,correct_belt,0.9804429411888123,True
C:\Users\sasha\PycharmProjects\seatbelt_recognition\data\processed\test\correct_belt\Y3LBVG49Y3YW_jpg.rf.WuQqQHvWVFTaro751wOs.jpg,C:\Users\sasha\PycharmProjects\seatbelt_recognition\results\prediction_examples\correct\correct_belt\conf_0.9978__Y3LBVG49Y3YW_jpg.rf.WuQqQHvWVFTaro751wOs.jpg,correct_belt,correct_belt,0.9978097081184387,True
C:\Users\sasha\PycharmProjects\seatbelt_recognition\data\processed\test\correct_belt\YRL6XH8MPY38_jpg.rf.rlh8BXKTMd5Z0ZtXvw8k.jpg,C:\Users\sasha\PycharmProjects\seatbelt_recognition\results\prediction_examples\correct\correct_belt\conf_0.9999__YRL6XH8MPY38_jpg.rf.rlh8BXKTMd5Z0ZtXvw8k.jpg,correct_belt,correct_belt,0.9999489784240723,True
C:\Users\sasha\PycharmProjects\seatbelt_recognition\data\processed\test\correct_belt\Z7W73AZZ830M_jpg.rf.WGQHDq0OvFd22Xh0kA0M.jpg,C:\Users\sasha\PycharmProjects\seatbelt_recognition\results\prediction_examples\correct\correct_belt\conf_0.8966__Z7W73AZZ830M_jpg.rf.WGQHDq0OvFd22Xh0kA0M.jpg,correct_belt,correct_belt,0.8966426253318787,True
C:\Users\sasha\PycharmProjects\seatbelt_recognition\data\processed\test\correct_belt\a1969105d461b099_jpg.rf.MCjv0yTug1wbiBKFVseZ.jpg,C:\Users\sasha\PycharmProjects\seatbelt_recognition\results\prediction_examples\correct\correct_belt\conf_1.0000__a1969105d461b099_jpg.rf.MCjv0yTug1wbiBKFVseZ.jpg,correct_belt,correct_belt,0.9999971389770508,True
C:\Users\sasha\PycharmProjects\seatbelt_recognition\data\processed\test\correct_belt\af3ca161-e405-4079-92d3-3f6dcd1a25f4_jpg.rf.pD2EfsO3R6QoZRxLjlYT.jpg,C:\Users\sasha\PycharmProjects\seatbelt_recognition\results\prediction_examples\correct\correct_belt\conf_0.9859__af3ca161-e405-4079-92d3-3f6dcd1a25f4_jpg.rf.pD2EfsO3R6QoZRxLjlYT.jpg,correct_belt,correct_belt,0.9858667254447937,True
C:\Users\sasha\PycharmProjects\seatbelt_recognition\data\processed\test\correct_belt\como-se-tornar-motorista-de-aplicativo_jpeg.rf.gPmNIxrcavld92SILP6N.jpeg,C:\Users\sasha\PycharmProjects\seatbelt_recognition\results\prediction_examples\correct\correct_belt\conf_0.7690__como-se-tornar-motorista-de-aplicativo_jpeg.rf.gPmNIxrcavld92SILP6N.jpeg,correct_belt,correct_belt,0.7689836621284485,True
C:\Users\sasha\PycharmProjects\seatbelt_recognition\data\processed\test\correct_belt\drowsy-driving_jpg.rf.voBC9Ij5qiVxld0s0NSR.jpg,C:\Users\sasha\PycharmProjects\seatbelt_recognition\results\prediction_examples\correct\correct_belt\conf_0.9989__drowsy-driving_jpg.rf.voBC9Ij5qiVxld0s0NSR.jpg,correct_belt,correct_belt,0.9989376664161682,True
C:\Users\sasha\PycharmProjects\seatbelt_recognition\data\processed\test\correct_belt\gettyimages-868951010-612x612_jpg.rf.3mvqgffIpJkyBuWizXvi.jpg,C:\Users\sasha\PycharmProjects\seatbelt_recognition\results\prediction_examples\wrong\true_correct_belt__pred_no_belt\conf_0.5055__gettyimages-868951010-612x612_jpg.rf.3mvqgffIpJkyBuWizXvi.jpg,correct_belt,no_belt,0.5055063962936401,False
C:\Users\sasha\PycharmProjects\seatbelt_recognition\data\processed\test\correct_belt\girl-fastened-seat-belt-sits-car-back-young-cheerful-near-window-178425759_jpg.rf.7qKCV6hRi4WVzHJMHcwl.jpg,C:\Users\sasha\PycharmProjects\seatbelt_recognition\results\prediction_examples\wrong\true_correct_belt__pred_no_belt\conf_0.6021__girl-fastened-seat-belt-sits-car-back-young-cheerful-near-window-178425759_jpg.rf.7qKCV6hRi4WVzHJMHcwl.jpg,correct_belt,no_belt,0.6021320223808289,False
C:\Users\sasha\PycharmProjects\seatbelt_recognition\data\processed\test\correct_belt\images (10)_jpg.rf.hlWQCnmLaDj3inptspHx.jpg,C:\Users\sasha\PycharmProjects\seatbelt_recognition\results\prediction_examples\correct\correct_belt\conf_0.9978__images (10)_jpg.rf.hlWQCnmLaDj3inptspHx.jpg,correct_belt,correct_belt,0.9978340268135071,True
C:\Users\sasha\PycharmProjects\seatbelt_recognition\data\processed\test\correct_belt\images (30)_jpg.rf.O61yC2yOLi7fIX99rtCv.jpg,C:\Users\sasha\PycharmProjects\seatbelt_recognition\results\prediction_examples\correct\correct_belt\conf_0.9987__images (30)_jpg.rf.O61yC2yOLi7fIX99rtCv.jpg,correct_belt,correct_belt,0.9986750483512878,True
C:\Users\sasha\PycharmProjects\seatbelt_recognition\data\processed\test\correct_belt\images (41)_jpg.rf.XXCVpJScodHICsufHJnJ.jpg,C:\Users\sasha\PycharmProjects\seatbelt_recognition\results\prediction_examples\correct\correct_belt\conf_0.5560__images (41)_jpg.rf.XXCVpJScodHICsufHJnJ.jpg,correct_belt,correct_belt,0.5559937357902527,True
C:\Users\sasha\PycharmProjects\seatbelt_recognition\data\processed\test\correct_belt\images (47)_jpg.rf.Yx81d3JEP19J6JjlIlFd.jpg,C:\Users\sasha\PycharmProjects\seatbelt_recognition\results\prediction_examples\correct\correct_belt\conf_0.9987__images (47)_jpg.rf.Yx81d3JEP19J6JjlIlFd.jpg,correct_belt,correct_belt,0.9987301230430603,True
C:\Users\sasha\PycharmProjects\seatbelt_recognition\data\processed\test\correct_belt\images (58)_jpg.rf.jvMVFq21VQ17HymEUUlN.jpg,C:\Users\sasha\PycharmProjects\seatbelt_recognition\results\prediction_examples\correct\correct_belt\conf_0.8737__images (58)_jpg.rf.jvMVFq21VQ17HymEUUlN.jpg,correct_belt,correct_belt,0.8736995458602905,True
C:\Users\sasha\PycharmProjects\seatbelt_recognition\data\processed\test\correct_belt\images (73)_jpg.rf.HlQklIeSZe1whPwFA9Td.jpg,C:\Users\sasha\PycharmProjects\seatbelt_recognition\results\prediction_examples\correct\correct_belt\conf_0.9954__images (73)_jpg.rf.HlQklIeSZe1whPwFA9Td.jpg,correct_belt,correct_belt,0.9953526258468628,True
C:\Users\sasha\PycharmProjects\seatbelt_recognition\data\processed\test\correct_belt\images (74)_jpg.rf.tWK8J6kKMF9VnvgSZhJn.jpg,C:\Users\sasha\PycharmProjects\seatbelt_recognition\results\prediction_examples\correct\correct_belt\conf_0.8313__images (74)_jpg.rf.tWK8J6kKMF9VnvgSZhJn.jpg,correct_belt,correct_belt,0.8313368558883667,True
C:\Users\sasha\PycharmProjects\seatbelt_recognition\data\processed\test\correct_belt\images (9)_jpg.rf.0mQbJ2yr8e1cE3CmubcV.jpg,C:\Users\sasha\PycharmProjects\seatbelt_recognition\results\prediction_examples\correct\correct_belt\conf_0.9999__images (9)_jpg.rf.0mQbJ2yr8e1cE3CmubcV.jpg,correct_belt,correct_belt,0.9999362230300903,True
C:\Users\sasha\PycharmProjects\seatbelt_recognition\data\processed\test\correct_belt\istockphoto-1132368571-612x612_jpg.rf.bOvmnu1w9iflcNGn3Wz2.jpg,C:\Users\sasha\PycharmProjects\seatbelt_recognition\results\prediction_examples\correct\correct_belt\conf_0.8655__istockphoto-1132368571-612x612_jpg.rf.bOvmnu1w9iflcNGn3Wz2.jpg,correct_belt,correct_belt,0.8654739260673523,True
C:\Users\sasha\PycharmProjects\seatbelt_recognition\data\processed\test\correct_belt\istockphoto-1183124672-612x612_jpg.rf.Ol9tJ1isaPolg6YBBEYe.jpg,C:\Users\sasha\PycharmProjects\seatbelt_recognition\results\prediction_examples\correct\correct_belt\conf_0.8931__istockphoto-1183124672-612x612_jpg.rf.Ol9tJ1isaPolg6YBBEYe.jpg,correct_belt,correct_belt,0.8931074142456055,True
C:\Users\sasha\PycharmProjects\seatbelt_recognition\data\processed\test\correct_belt\ka_106_jpg.rf.x85qOzyCWP6x1SZyF5m7.jpg,C:\Users\sasha\PycharmProjects\seatbelt_recognition\results\prediction_examples\correct\correct_belt\conf_0.9936__ka_106_jpg.rf.x85qOzyCWP6x1SZyF5m7.jpg,correct_belt,correct_belt,0.9936095476150513,True
C:\Users\sasha\PycharmProjects\seatbelt_recognition\data\processed\test\correct_belt\ka_109_jpg.rf.G7h6mVlX9laURDRuDf7j.jpg,C:\Users\sasha\PycharmProjects\seatbelt_recognition\results\prediction_examples\correct\correct_belt\conf_0.9921__ka_109_jpg.rf.G7h6mVlX9laURDRuDf7j.jpg,correct_belt,correct_belt,0.9921412467956543,True
C:\Users\sasha\PycharmProjects\seatbelt_recognition\data\processed\test\correct_belt\ka_144_jpg.rf.7luzAkSZzBbifj56bK8X.jpg,C:\Users\sasha\PycharmProjects\seatbelt_recognition\results\prediction_examples\correct\correct_belt\conf_0.9976__ka_144_jpg.rf.7luzAkSZzBbifj56bK8X.jpg,correct_belt,correct_belt,0.9976363182067871,True
C:\Users\sasha\PycharmProjects\seatbelt_recognition\data\processed\test\correct_belt\ka_156_jpg.rf.ipj9YTnrpxqzaYI3fo07.jpg,C:\Users\sasha\PycharmProjects\seatbelt_recognition\results\prediction_examples\correct\correct_belt\conf_0.9787__ka_156_jpg.rf.ipj9YTnrpxqzaYI3fo07.jpg,correct_belt,correct_belt,0.9787082076072693,True
C:\Users\sasha\PycharmProjects\seatbelt_recognition\data\processed\test\correct_belt\ka_160_jpg.rf.h4PNIuz7nkHwY7YSPvWy.jpg,C:\Users\sasha\PycharmProjects\seatbelt_recognition\results\prediction_examples\correct\correct_belt\conf_0.9993__ka_160_jpg.rf.h4PNIuz7nkHwY7YSPvWy.jpg,correct_belt,correct_belt,0.9992992877960205,True
C:\Users\sasha\PycharmProjects\seatbelt_recognition\data\processed\test\correct_belt\ka_212_jpg.rf.iTVJXdyEFT1pkSTrGNKf.jpg,C:\Users\sasha\PycharmProjects\seatbelt_recognition\results\prediction_examples\correct\correct_belt\conf_0.9967__ka_212_jpg.rf.iTVJXdyEFT1pkSTrGNKf.jpg,correct_belt,correct_belt,0.9967449903488159,True
C:\Users\sasha\PycharmProjects\seatbelt_recognition\data\processed\test\correct_belt\ka_237_jpg.rf.EO7WBugu65aaLu478sr2.jpg,C:\Users\sasha\PycharmProjects\seatbelt_recognition\results\prediction_examples\correct\correct_belt\conf_0.9998__ka_237_jpg.rf.EO7WBugu65aaLu478sr2.jpg,correct_belt,correct_belt,0.9998170733451843,True
C:\Users\sasha\PycharmProjects\seatbelt_recognition\data\processed\test\correct_belt\ka_268_jpg.rf.8E3RGvwWu2g1oboRbEhj.jpg,C:\Users\sasha\PycharmProjects\seatbelt_recognition\results\prediction_examples\correct\correct_belt\conf_0.9840__ka_268_jpg.rf.8E3RGvwWu2g1oboRbEhj.jpg,correct_belt,correct_belt,0.9839746356010437,True
C:\Users\sasha\PycharmProjects\seatbelt_recognition\data\processed\test\correct_belt\ka_319_jpg.rf.xlJVltQ89nGYeVelVBFk.jpg,C:\Users\sasha\PycharmProjects\seatbelt_recognition\results\prediction_examples\correct\correct_belt\conf_0.9985__ka_319_jpg.rf.xlJVltQ89nGYeVelVBFk.jpg,correct_belt,correct_belt,0.9985066056251526,True
C:\Users\sasha\PycharmProjects\seatbelt_recognition\data\processed\test\correct_belt\ka_359_jpg.rf.B67tPEraWfJke0waIiGw.jpg,C:\Users\sasha\PycharmProjects\seatbelt_recognition\results\prediction_examples\correct\correct_belt\conf_0.9972__ka_359_jpg.rf.B67tPEraWfJke0waIiGw.jpg,correct_belt,correct_belt,0.9972490668296814,True
C:\Users\sasha\PycharmProjects\seatbelt_recognition\data\processed\test\correct_belt\passengersafety_600v3px_jpg.rf.W1BYR2UOrEtJJLgUX7Mu.jpg,C:\Users\sasha\PycharmProjects\seatbelt_recognition\results\prediction_examples\correct\correct_belt\conf_0.8503__passengersafety_600v3px_jpg.rf.W1BYR2UOrEtJJLgUX7Mu.jpg,correct_belt,correct_belt,0.8503454923629761,True
C:\Users\sasha\PycharmProjects\seatbelt_recognition\data\processed\test\correct_belt\seat_belt4-DMID1-5gnrbygya-640x480_jpg.rf.8gnI7DuXeEgf3J9JEVt0.jpg,C:\Users\sasha\PycharmProjects\seatbelt_recognition\results\prediction_examples\correct\correct_belt\conf_0.9373__seat_belt4-DMID1-5gnrbygya-640x480_jpg.rf.8gnI7DuXeEgf3J9JEVt0.jpg,correct_belt,correct_belt,0.9372840523719788,True
C:\Users\sasha\PycharmProjects\seatbelt_recognition\data\processed\test\correct_belt\stock-photo-black-woman-smiling-and-wearing-seat-belt-while-sitting-with-her-daughter-in-car-2025706988_jpg.rf.WVkqFSqvoNrZ1BsX8Erk.jpg,C:\Users\sasha\PycharmProjects\seatbelt_recognition\results\prediction_examples\correct\correct_belt\conf_0.9945__stock-photo-black-woman-smiling-and-wearing-seat-belt-while-sitting-with-her-daughter-in-car-2025706988_jpg.rf.WVkqFSqvoNrZ1BsX8Erk.jpg,correct_belt,correct_belt,0.9944677352905273,True
C:\Users\sasha\PycharmProjects\seatbelt_recognition\data\processed\test\correct_belt\young-woman-wearing-a-catsuit-buckled-up-in-the-back-seat-of-a-car-2HAE8X4_jpg.rf.Ongm8kQKMTWcklNh1GqG.jpg,C:\Users\sasha\PycharmProjects\seatbelt_recognition\results\prediction_examples\correct\correct_belt\conf_0.9422__young-woman-wearing-a-catsuit-buckled-up-in-the-back-seat-of-a-car-2HAE8X4_jpg.rf.Ongm8kQKMTWcklNh1GqG.jpg,correct_belt,correct_belt,0.9421879053115845,True
C:\Users\sasha\PycharmProjects\seatbelt_recognition\data\processed\test\incorrect_belt\incorrect_01_00000.jpg,C:\Users\sasha\PycharmProjects\seatbelt_recognition\results\prediction_examples\correct\incorrect_belt\conf_0.9672__incorrect_01_00000.jpg,incorrect_belt,incorrect_belt,0.967224657535553,True
C:\Users\sasha\PycharmProjects\seatbelt_recognition\data\processed\test\incorrect_belt\incorrect_01_00001.jpg,C:\Users\sasha\PycharmProjects\seatbelt_recognition\results\prediction_examples\correct\incorrect_belt\conf_0.8653__incorrect_01_00001.jpg,incorrect_belt,incorrect_belt,0.865294873714447,True
C:\Users\sasha\PycharmProjects\seatbelt_recognition\data\processed\test\incorrect_belt\incorrect_01_00002.jpg,C:\Users\sasha\PycharmProjects\seatbelt_recognition\results\prediction_examples\correct\incorrect_belt\conf_0.7995__incorrect_01_00002.jpg,incorrect_belt,incorrect_belt,0.7994890213012695,True
C:\Users\sasha\PycharmProjects\seatbelt_recognition\data\processed\test\incorrect_belt\incorrect_01_00003.jpg,C:\Users\sasha\PycharmProjects\seatbelt_recognition\results\prediction_examples\correct\incorrect_belt\conf_0.5965__incorrect_01_00003.jpg,incorrect_belt,incorrect_belt,0.5965026617050171,True
C:\Users\sasha\PycharmProjects\seatbelt_recognition\data\processed\test\incorrect_belt\incorrect_01_00004.jpg,C:\Users\sasha\PycharmProjects\seatbelt_recognition\results\prediction_examples\wrong\true_incorrect_belt__pred_no_belt\conf_0.6118__incorrect_01_00004.jpg,incorrect_belt,no_belt,0.611812174320221,False
C:\Users\sasha\PycharmProjects\seatbelt_recognition\data\processed\test\incorrect_belt\incorrect_01_00005.jpg,C:\Users\sasha\PycharmProjects\seatbelt_recognition\results\prediction_examples\correct\incorrect_belt\conf_0.4674__incorrect_01_00005.jpg,incorrect_belt,incorrect_belt,0.46741145849227905,True
C:\Users\sasha\PycharmProjects\seatbelt_recognition\data\processed\test\incorrect_belt\incorrect_01_00006.jpg,C:\Users\sasha\PycharmProjects\seatbelt_recognition\results\prediction_examples\correct\incorrect_belt\conf_0.7875__incorrect_01_00006.jpg,incorrect_belt,incorrect_belt,0.7874553799629211,True
C:\Users\sasha\PycharmProjects\seatbelt_recognition\data\processed\test\incorrect_belt\incorrect_01_00007.jpg,C:\Users\sasha\PycharmProjects\seatbelt_recognition\results\prediction_examples\correct\incorrect_belt\conf_0.9787__incorrect_01_00007.jpg,incorrect_belt,incorrect_belt,0.9786856174468994,True
C:\Users\sasha\PycharmProjects\seatbelt_recognition\data\processed\test\incorrect_belt\incorrect_01_00008.jpg,C:\Users\sasha\PycharmProjects\seatbelt_recognition\results\prediction_examples\correct\incorrect_belt\conf_0.9762__incorrect_01_00008.jpg,incorrect_belt,incorrect_belt,0.9761871099472046,True
C:\Users\sasha\PycharmProjects\seatbelt_recognition\data\processed\test\incorrect_belt\incorrect_01_00009.jpg,C:\Users\sasha\PycharmProjects\seatbelt_recognition\results\prediction_examples\correct\incorrect_belt\conf_0.9870__incorrect_01_00009.jpg,incorrect_belt,incorrect_belt,0.9869667887687683,True
C:\Users\sasha\PycharmProjects\seatbelt_recognition\data\processed\test\incorrect_belt\incorrect_01_00010.jpg,C:\Users\sasha\PycharmProjects\seatbelt_recognition\results\prediction_examples\correct\incorrect_belt\conf_0.9478__incorrect_01_00010.jpg,incorrect_belt,incorrect_belt,0.9477560520172119,True
C:\Users\sasha\PycharmProjects\seatbelt_recognition\data\processed\test\incorrect_belt\incorrect_01_00011.jpg,C:\Users\sasha\PycharmProjects\seatbelt_recognition\results\prediction_examples\correct\incorrect_belt\conf_0.7840__incorrect_01_00011.jpg,incorrect_belt,incorrect_belt,0.7840123176574707,True
C:\Users\sasha\PycharmProjects\seatbelt_recognition\data\processed\test\incorrect_belt\incorrect_01_00012.jpg,C:\Users\sasha\PycharmProjects\seatbelt_recognition\results\prediction_examples\correct\incorrect_belt\conf_0.9870__incorrect_01_00012.jpg,incorrect_belt,incorrect_belt,0.9870098829269409,True
C:\Users\sasha\PycharmProjects\seatbelt_recognition\data\processed\test\incorrect_belt\incorrect_01_00013.jpg,C:\Users\sasha\PycharmProjects\seatbelt_recognition\results\prediction_examples\correct\incorrect_belt\conf_0.9885__incorrect_01_00013.jpg,incorrect_belt,incorrect_belt,0.9885311126708984,True
C:\Users\sasha\PycharmProjects\seatbelt_recognition\data\processed\test\incorrect_belt\incorrect_01_00014.jpg,C:\Users\sasha\PycharmProjects\seatbelt_recognition\results\prediction_examples\correct\incorrect_belt\conf_0.9836__incorrect_01_00014.jpg,incorrect_belt,incorrect_belt,0.9836251139640808,True
C:\Users\sasha\PycharmProjects\seatbelt_recognition\data\processed\test\incorrect_belt\incorrect_01_00015.jpg,C:\Users\sasha\PycharmProjects\seatbelt_recognition\results\prediction_examples\correct\incorrect_belt\conf_0.9761__incorrect_01_00015.jpg,incorrect_belt,incorrect_belt,0.9761216640472412,True
C:\Users\sasha\PycharmProjects\seatbelt_recognition\data\processed\test\incorrect_belt\incorrect_01_00016.jpg,C:\Users\sasha\PycharmProjects\seatbelt_recognition\results\prediction_examples\correct\incorrect_belt\conf_0.9512__incorrect_01_00016.jpg,incorrect_belt,incorrect_belt,0.9511740803718567,True
C:\Users\sasha\PycharmProjects\seatbelt_recognition\data\processed\test\incorrect_belt\incorrect_01_00017.jpg,C:\Users\sasha\PycharmProjects\seatbelt_recognition\results\prediction_examples\correct\incorrect_belt\conf_0.9945__incorrect_01_00017.jpg,incorrect_belt,incorrect_belt,0.9944952130317688,True
C:\Users\sasha\PycharmProjects\seatbelt_recognition\data\processed\test\incorrect_belt\incorrect_01_00018.jpg,C:\Users\sasha\PycharmProjects\seatbelt_recognition\results\prediction_examples\correct\incorrect_belt\conf_0.7114__incorrect_01_00018.jpg,incorrect_belt,incorrect_belt,0.7113957405090332,True
C:\Users\sasha\PycharmProjects\seatbelt_recognition\data\processed\test\incorrect_belt\incorrect_01_00019.jpg,C:\Users\sasha\PycharmProjects\seatbelt_recognition\results\prediction_examples\correct\incorrect_belt\conf_0.8161__incorrect_01_00019.jpg,incorrect_belt,incorrect_belt,0.8161396980285645,True
C:\Users\sasha\PycharmProjects\seatbelt_recognition\data\processed\test\incorrect_belt\incorrect_01_00020.jpg,C:\Users\sasha\PycharmProjects\seatbelt_recognition\results\prediction_examples\correct\incorrect_belt\conf_0.9148__incorrect_01_00020.jpg,incorrect_belt,incorrect_belt,0.9148149490356445,True
C:\Users\sasha\PycharmProjects\seatbelt_recognition\data\processed\test\incorrect_belt\incorrect_01_00021.jpg,C:\Users\sasha\PycharmProjects\seatbelt_recognition\results\prediction_examples\correct\incorrect_belt\conf_0.9276__incorrect_01_00021.jpg,incorrect_belt,incorrect_belt,0.9275785088539124,True
C:\Users\sasha\PycharmProjects\seatbelt_recognition\data\processed\test\incorrect_belt\incorrect_01_00022.jpg,C:\Users\sasha\PycharmProjects\seatbelt_recognition\results\prediction_examples\correct\incorrect_belt\conf_0.9595__incorrect_01_00022.jpg,incorrect_belt,incorrect_belt,0.9594559669494629,True
C:\Users\sasha\PycharmProjects\seatbelt_recognition\data\processed\test\incorrect_belt\incorrect_01_00023.jpg,C:\Users\sasha\PycharmProjects\seatbelt_recognition\results\prediction_examples\correct\incorrect_belt\conf_0.9640__incorrect_01_00023.jpg,incorrect_belt,incorrect_belt,0.964047908782959,True
C:\Users\sasha\PycharmProjects\seatbelt_recognition\data\processed\test\incorrect_belt\incorrect_01_00024.jpg,C:\Users\sasha\PycharmProjects\seatbelt_recognition\results\prediction_examples\correct\incorrect_belt\conf_0.9951__incorrect_01_00024.jpg,incorrect_belt,incorrect_belt,0.995086133480072,True
C:\Users\sasha\PycharmProjects\seatbelt_recognition\data\processed\test\incorrect_belt\incorrect_01_00025.jpg,C:\Users\sasha\PycharmProjects\seatbelt_recognition\results\prediction_examples\correct\incorrect_belt\conf_0.9111__incorrect_01_00025.jpg,incorrect_belt,incorrect_belt,0.9111300706863403,True
C:\Users\sasha\PycharmProjects\seatbelt_recognition\data\processed\test\incorrect_belt\incorrect_01_00026.jpg,C:\Users\sasha\PycharmProjects\seatbelt_recognition\results\prediction_examples\correct\incorrect_belt\conf_0.9854__incorrect_01_00026.jpg,incorrect_belt,incorrect_belt,0.9854450821876526,True
C:\Users\sasha\PycharmProjects\seatbelt_recognition\data\processed\test\incorrect_belt\incorrect_01_00027.jpg,C:\Users\sasha\PycharmProjects\seatbelt_recognition\results\prediction_examples\correct\incorrect_belt\conf_0.9950__incorrect_01_00027.jpg,incorrect_belt,incorrect_belt,0.9950212240219116,True
C:\Users\sasha\PycharmProjects\seatbelt_recognition\data\processed\test\incorrect_belt\incorrect_01_00028.jpg,C:\Users\sasha\PycharmProjects\seatbelt_recognition\results\prediction_examples\correct\incorrect_belt\conf_0.9667__incorrect_01_00028.jpg,incorrect_belt,incorrect_belt,0.966678261756897,True
C:\Users\sasha\PycharmProjects\seatbelt_recognition\data\processed\test\incorrect_belt\incorrect_01_00029.jpg,C:\Users\sasha\PycharmProjects\seatbelt_recognition\results\prediction_examples\correct\incorrect_belt\conf_0.9765__incorrect_01_00029.jpg,incorrect_belt,incorrect_belt,0.9764775633811951,True
C:\Users\sasha\PycharmProjects\seatbelt_recognition\data\processed\test\incorrect_belt\incorrect_01_00030.jpg,C:\Users\sasha\PycharmProjects\seatbelt_recognition\results\prediction_examples\correct\incorrect_belt\conf_0.9971__incorrect_01_00030.jpg,incorrect_belt,incorrect_belt,0.9971038699150085,True
C:\Users\sasha\PycharmProjects\seatbelt_recognition\data\processed\test\incorrect_belt\incorrect_01_00031.jpg,C:\Users\sasha\PycharmProjects\seatbelt_recognition\results\prediction_examples\correct\incorrect_belt\conf_0.9962__incorrect_01_00031.jpg,incorrect_belt,incorrect_belt,0.9962422847747803,True
C:\Users\sasha\PycharmProjects\seatbelt_recognition\data\processed\test\incorrect_belt\incorrect_01_00032.jpg,C:\Users\sasha\PycharmProjects\seatbelt_recognition\results\prediction_examples\correct\incorrect_belt\conf_0.9975__incorrect_01_00032.jpg,incorrect_belt,incorrect_belt,0.9975351095199585,True
C:\Users\sasha\PycharmProjects\seatbelt_recognition\data\processed\test\incorrect_belt\incorrect_01_00033.jpg,C:\Users\sasha\PycharmProjects\seatbelt_recognition\results\prediction_examples\correct\incorrect_belt\conf_0.9944__incorrect_01_00033.jpg,incorrect_belt,incorrect_belt,0.9943932294845581,True
C:\Users\sasha\PycharmProjects\seatbelt_recognition\data\processed\test\incorrect_belt\incorrect_01_00034.jpg,C:\Users\sasha\PycharmProjects\seatbelt_recognition\results\prediction_examples\correct\incorrect_belt\conf_0.9961__incorrect_01_00034.jpg,incorrect_belt,incorrect_belt,0.9961446523666382,True
C:\Users\sasha\PycharmProjects\seatbelt_recognition\data\processed\test\incorrect_belt\incorrect_04_00000.jpg,C:\Users\sasha\PycharmProjects\seatbelt_recognition\results\prediction_examples\correct\incorrect_belt\conf_0.9998__incorrect_04_00000.jpg,incorrect_belt,incorrect_belt,0.9998304843902588,True
C:\Users\sasha\PycharmProjects\seatbelt_recognition\data\processed\test\incorrect_belt\incorrect_04_00001.jpg,C:\Users\sasha\PycharmProjects\seatbelt_recognition\results\prediction_examples\correct\incorrect_belt\conf_0.9999__incorrect_04_00001.jpg,incorrect_belt,incorrect_belt,0.999900221824646,True
C:\Users\sasha\PycharmProjects\seatbelt_recognition\data\processed\test\incorrect_belt\incorrect_04_00002.jpg,C:\Users\sasha\PycharmProjects\seatbelt_recognition\results\prediction_examples\correct\incorrect_belt\conf_0.9999__incorrect_04_00002.jpg,incorrect_belt,incorrect_belt,0.9999336004257202,True
C:\Users\sasha\PycharmProjects\seatbelt_recognition\data\processed\test\incorrect_belt\incorrect_04_00003.jpg,C:\Users\sasha\PycharmProjects\seatbelt_recognition\results\prediction_examples\correct\incorrect_belt\conf_0.9999__incorrect_04_00003.jpg,incorrect_belt,incorrect_belt,0.9998602867126465,True
C:\Users\sasha\PycharmProjects\seatbelt_recognition\data\processed\test\incorrect_belt\incorrect_04_00004.jpg,C:\Users\sasha\PycharmProjects\seatbelt_recognition\results\prediction_examples\correct\incorrect_belt\conf_0.9992__incorrect_04_00004.jpg,incorrect_belt,incorrect_belt,0.9992276430130005,True
C:\Users\sasha\PycharmProjects\seatbelt_recognition\data\processed\test\incorrect_belt\incorrect_04_00005.jpg,C:\Users\sasha\PycharmProjects\seatbelt_recognition\results\prediction_examples\correct\incorrect_belt\conf_0.9998__incorrect_04_00005.jpg,incorrect_belt,incorrect_belt,0.9997922778129578,True
C:\Users\sasha\PycharmProjects\seatbelt_recognition\data\processed\test\incorrect_belt\incorrect_04_00006.jpg,C:\Users\sasha\PycharmProjects\seatbelt_recognition\results\prediction_examples\correct\incorrect_belt\conf_0.9998__incorrect_04_00006.jpg,incorrect_belt,incorrect_belt,0.9998157620429993,True
C:\Users\sasha\PycharmProjects\seatbelt_recognition\data\processed\test\incorrect_belt\incorrect_04_00007.jpg,C:\Users\sasha\PycharmProjects\seatbelt_recognition\results\prediction_examples\correct\incorrect_belt\conf_0.9997__incorrect_04_00007.jpg,incorrect_belt,incorrect_belt,0.9997150301933289,True
C:\Users\sasha\PycharmProjects\seatbelt_recognition\data\processed\test\incorrect_belt\incorrect_04_00008.jpg,C:\Users\sasha\PycharmProjects\seatbelt_recognition\results\prediction_examples\correct\incorrect_belt\conf_0.9997__incorrect_04_00008.jpg,incorrect_belt,incorrect_belt,0.9997007846832275,True
C:\Users\sasha\PycharmProjects\seatbelt_recognition\data\processed\test\incorrect_belt\incorrect_04_00009.jpg,C:\Users\sasha\PycharmProjects\seatbelt_recognition\results\prediction_examples\correct\incorrect_belt\conf_0.9999__incorrect_04_00009.jpg,incorrect_belt,incorrect_belt,0.9999097585678101,True
C:\Users\sasha\PycharmProjects\seatbelt_recognition\data\processed\test\incorrect_belt\incorrect_04_00010.jpg,C:\Users\sasha\PycharmProjects\seatbelt_recognition\results\prediction_examples\correct\incorrect_belt\conf_0.9999__incorrect_04_00010.jpg,incorrect_belt,incorrect_belt,0.9999204874038696,True
C:\Users\sasha\PycharmProjects\seatbelt_recognition\data\processed\test\incorrect_belt\incorrect_04_00011.jpg,C:\Users\sasha\PycharmProjects\seatbelt_recognition\results\prediction_examples\correct\incorrect_belt\conf_0.9997__incorrect_04_00011.jpg,incorrect_belt,incorrect_belt,0.9997454285621643,True
C:\Users\sasha\PycharmProjects\seatbelt_recognition\data\processed\test\incorrect_belt\incorrect_04_00012.jpg,C:\Users\sasha\PycharmProjects\seatbelt_recognition\results\prediction_examples\correct\incorrect_belt\conf_1.0000__incorrect_04_00012.jpg,incorrect_belt,incorrect_belt,0.9999643564224243,True
C:\Users\sasha\PycharmProjects\seatbelt_recognition\data\processed\test\incorrect_belt\incorrect_04_00013.jpg,C:\Users\sasha\PycharmProjects\seatbelt_recognition\results\prediction_examples\correct\incorrect_belt\conf_0.9999__incorrect_04_00013.jpg,incorrect_belt,incorrect_belt,0.9998784065246582,True
C:\Users\sasha\PycharmProjects\seatbelt_recognition\data\processed\test\incorrect_belt\incorrect_04_00014.jpg,C:\Users\sasha\PycharmProjects\seatbelt_recognition\results\prediction_examples\correct\incorrect_belt\conf_0.9999__incorrect_04_00014.jpg,incorrect_belt,incorrect_belt,0.9999173879623413,True
C:\Users\sasha\PycharmProjects\seatbelt_recognition\data\processed\test\incorrect_belt\incorrect_04_00015.jpg,C:\Users\sasha\PycharmProjects\seatbelt_recognition\results\prediction_examples\correct\incorrect_belt\conf_0.9998__incorrect_04_00015.jpg,incorrect_belt,incorrect_belt,0.9998316764831543,True
C:\Users\sasha\PycharmProjects\seatbelt_recognition\data\processed\test\incorrect_belt\incorrect_04_00016.jpg,C:\Users\sasha\PycharmProjects\seatbelt_recognition\results\prediction_examples\correct\incorrect_belt\conf_1.0000__incorrect_04_00016.jpg,incorrect_belt,incorrect_belt,0.9999517202377319,True
C:\Users\sasha\PycharmProjects\seatbelt_recognition\data\processed\test\incorrect_belt\incorrect_04_00017.jpg,C:\Users\sasha\PycharmProjects\seatbelt_recognition\results\prediction_examples\correct\incorrect_belt\conf_0.9998__incorrect_04_00017.jpg,incorrect_belt,incorrect_belt,0.9997997879981995,True
C:\Users\sasha\PycharmProjects\seatbelt_recognition\data\processed\test\incorrect_belt\incorrect_04_00018.jpg,C:\Users\sasha\PycharmProjects\seatbelt_recognition\results\prediction_examples\correct\incorrect_belt\conf_0.9998__incorrect_04_00018.jpg,incorrect_belt,incorrect_belt,0.9997918009757996,True
C:\Users\sasha\PycharmProjects\seatbelt_recognition\data\processed\test\incorrect_belt\incorrect_04_00019.jpg,C:\Users\sasha\PycharmProjects\seatbelt_recognition\results\prediction_examples\correct\incorrect_belt\conf_0.9999__incorrect_04_00019.jpg,incorrect_belt,incorrect_belt,0.9998561143875122,True
C:\Users\sasha\PycharmProjects\seatbelt_recognition\data\processed\test\incorrect_belt\incorrect_04_00020.jpg,C:\Users\sasha\PycharmProjects\seatbelt_recognition\results\prediction_examples\correct\incorrect_belt\conf_0.9988__incorrect_04_00020.jpg,incorrect_belt,incorrect_belt,0.9987603425979614,True
C:\Users\sasha\PycharmProjects\seatbelt_recognition\data\processed\test\incorrect_belt\incorrect_04_00021.jpg,C:\Users\sasha\PycharmProjects\seatbelt_recognition\results\prediction_examples\correct\incorrect_belt\conf_0.9989__incorrect_04_00021.jpg,incorrect_belt,incorrect_belt,0.9988784193992615,True
C:\Users\sasha\PycharmProjects\seatbelt_recognition\data\processed\test\incorrect_belt\incorrect_04_00022.jpg,C:\Users\sasha\PycharmProjects\seatbelt_recognition\results\prediction_examples\correct\incorrect_belt\conf_0.9996__incorrect_04_00022.jpg,incorrect_belt,incorrect_belt,0.9995567202568054,True
C:\Users\sasha\PycharmProjects\seatbelt_recognition\data\processed\test\incorrect_belt\incorrect_04_00023.jpg,C:\Users\sasha\PycharmProjects\seatbelt_recognition\results\prediction_examples\correct\incorrect_belt\conf_0.9998__incorrect_04_00023.jpg,incorrect_belt,incorrect_belt,0.9998487234115601,True
C:\Users\sasha\PycharmProjects\seatbelt_recognition\data\processed\test\incorrect_belt\incorrect_04_00024.jpg,C:\Users\sasha\PycharmProjects\seatbelt_recognition\results\prediction_examples\correct\incorrect_belt\conf_0.9999__incorrect_04_00024.jpg,incorrect_belt,incorrect_belt,0.9998683929443359,True
C:\Users\sasha\PycharmProjects\seatbelt_recognition\data\processed\test\incorrect_belt\incorrect_04_00025.jpg,C:\Users\sasha\PycharmProjects\seatbelt_recognition\results\prediction_examples\correct\incorrect_belt\conf_0.9998__incorrect_04_00025.jpg,incorrect_belt,incorrect_belt,0.9998273253440857,True
C:\Users\sasha\PycharmProjects\seatbelt_recognition\data\processed\test\incorrect_belt\incorrect_04_00026.jpg,C:\Users\sasha\PycharmProjects\seatbelt_recognition\results\prediction_examples\correct\incorrect_belt\conf_0.9999__incorrect_04_00026.jpg,incorrect_belt,incorrect_belt,0.9999188184738159,True
C:\Users\sasha\PycharmProjects\seatbelt_recognition\data\processed\test\incorrect_belt\incorrect_04_00027.jpg,C:\Users\sasha\PycharmProjects\seatbelt_recognition\results\prediction_examples\correct\incorrect_belt\conf_0.9999__incorrect_04_00027.jpg,incorrect_belt,incorrect_belt,0.9999403953552246,True
C:\Users\sasha\PycharmProjects\seatbelt_recognition\data\processed\test\incorrect_belt\incorrect_04_00028.jpg,C:\Users\sasha\PycharmProjects\seatbelt_recognition\results\prediction_examples\correct\incorrect_belt\conf_0.9999__incorrect_04_00028.jpg,incorrect_belt,incorrect_belt,0.9998960494995117,True
C:\Users\sasha\PycharmProjects\seatbelt_recognition\data\processed\test\incorrect_belt\incorrect_04_00029.jpg,C:\Users\sasha\PycharmProjects\seatbelt_recognition\results\prediction_examples\correct\incorrect_belt\conf_0.9990__incorrect_04_00029.jpg,incorrect_belt,incorrect_belt,0.9990159273147583,True
C:\Users\sasha\PycharmProjects\seatbelt_recognition\data\processed\test\incorrect_belt\incorrect_04_00030.jpg,C:\Users\sasha\PycharmProjects\seatbelt_recognition\results\prediction_examples\correct\incorrect_belt\conf_0.9999__incorrect_04_00030.jpg,incorrect_belt,incorrect_belt,0.9998713731765747,True
C:\Users\sasha\PycharmProjects\seatbelt_recognition\data\processed\test\incorrect_belt\incorrect_04_00031.jpg,C:\Users\sasha\PycharmProjects\seatbelt_recognition\results\prediction_examples\correct\incorrect_belt\conf_0.9999__incorrect_04_00031.jpg,incorrect_belt,incorrect_belt,0.9998760223388672,True
C:\Users\sasha\PycharmProjects\seatbelt_recognition\data\processed\test\incorrect_belt\incorrect_04_00032.jpg,C:\Users\sasha\PycharmProjects\seatbelt_recognition\results\prediction_examples\correct\incorrect_belt\conf_0.9999__incorrect_04_00032.jpg,incorrect_belt,incorrect_belt,0.9999289512634277,True
C:\Users\sasha\PycharmProjects\seatbelt_recognition\data\processed\test\incorrect_belt\incorrect_04_00033.jpg,C:\Users\sasha\PycharmProjects\seatbelt_recognition\results\prediction_examples\correct\incorrect_belt\conf_0.9999__incorrect_04_00033.jpg,incorrect_belt,incorrect_belt,0.999944806098938,True
C:\Users\sasha\PycharmProjects\seatbelt_recognition\data\processed\test\incorrect_belt\incorrect_04_00034.jpg,C:\Users\sasha\PycharmProjects\seatbelt_recognition\results\prediction_examples\correct\incorrect_belt\conf_1.0000__incorrect_04_00034.jpg,incorrect_belt,incorrect_belt,0.9999722242355347,True
C:\Users\sasha\PycharmProjects\seatbelt_recognition\data\processed\test\incorrect_belt\incorrect_04_00035.jpg,C:\Users\sasha\PycharmProjects\seatbelt_recognition\results\prediction_examples\correct\incorrect_belt\conf_0.9999__incorrect_04_00035.jpg,incorrect_belt,incorrect_belt,0.9999363422393799,True
C:\Users\sasha\PycharmProjects\seatbelt_recognition\data\processed\test\incorrect_belt\incorrect_04_00036.jpg,C:\Users\sasha\PycharmProjects\seatbelt_recognition\results\prediction_examples\correct\incorrect_belt\conf_1.0000__incorrect_04_00036.jpg,incorrect_belt,incorrect_belt,0.9999716281890869,True
C:\Users\sasha\PycharmProjects\seatbelt_recognition\data\processed\test\incorrect_belt\incorrect_04_00037.jpg,C:\Users\sasha\PycharmProjects\seatbelt_recognition\results\prediction_examples\correct\incorrect_belt\conf_0.9999__incorrect_04_00037.jpg,incorrect_belt,incorrect_belt,0.9999253749847412,True
C:\Users\sasha\PycharmProjects\seatbelt_recognition\data\processed\test\incorrect_belt\incorrect_04_00038.jpg,C:\Users\sasha\PycharmProjects\seatbelt_recognition\results\prediction_examples\correct\incorrect_belt\conf_1.0000__incorrect_04_00038.jpg,incorrect_belt,incorrect_belt,0.9999567270278931,True
C:\Users\sasha\PycharmProjects\seatbelt_recognition\data\processed\test\incorrect_belt\incorrect_21_00000.jpg,C:\Users\sasha\PycharmProjects\seatbelt_recognition\results\prediction_examples\correct\incorrect_belt\conf_0.9959__incorrect_21_00000.jpg,incorrect_belt,incorrect_belt,0.9959390163421631,True
C:\Users\sasha\PycharmProjects\seatbelt_recognition\data\processed\test\incorrect_belt\incorrect_21_00001.jpg,C:\Users\sasha\PycharmProjects\seatbelt_recognition\results\prediction_examples\correct\incorrect_belt\conf_0.9952__incorrect_21_00001.jpg,incorrect_belt,incorrect_belt,0.9951550960540771,True
C:\Users\sasha\PycharmProjects\seatbelt_recognition\data\processed\test\incorrect_belt\incorrect_21_00002.jpg,C:\Users\sasha\PycharmProjects\seatbelt_recognition\results\prediction_examples\correct\incorrect_belt\conf_0.9123__incorrect_21_00002.jpg,incorrect_belt,incorrect_belt,0.9123338460922241,True
C:\Users\sasha\PycharmProjects\seatbelt_recognition\data\processed\test\incorrect_belt\incorrect_21_00003.jpg,C:\Users\sasha\PycharmProjects\seatbelt_recognition\results\prediction_examples\correct\incorrect_belt\conf_0.8562__incorrect_21_00003.jpg,incorrect_belt,incorrect_belt,0.8561731576919556,True
C:\Users\sasha\PycharmProjects\seatbelt_recognition\data\processed\test\incorrect_belt\incorrect_21_00004.jpg,C:\Users\sasha\PycharmProjects\seatbelt_recognition\results\prediction_examples\correct\incorrect_belt\conf_0.9576__incorrect_21_00004.jpg,incorrect_belt,incorrect_belt,0.9575789570808411,True
C:\Users\sasha\PycharmProjects\seatbelt_recognition\data\processed\test\incorrect_belt\incorrect_21_00005.jpg,C:\Users\sasha\PycharmProjects\seatbelt_recognition\results\prediction_examples\correct\incorrect_belt\conf_0.9843__incorrect_21_00005.jpg,incorrect_belt,incorrect_belt,0.9842680096626282,True
C:\Users\sasha\PycharmProjects\seatbelt_recognition\data\processed\test\incorrect_belt\incorrect_21_00006.jpg,C:\Users\sasha\PycharmProjects\seatbelt_recognition\results\prediction_examples\correct\incorrect_belt\conf_0.9580__incorrect_21_00006.jpg,incorrect_belt,incorrect_belt,0.9580123424530029,True
C:\Users\sasha\PycharmProjects\seatbelt_recognition\data\processed\test\incorrect_belt\incorrect_21_00007.jpg,C:\Users\sasha\PycharmProjects\seatbelt_recognition\results\prediction_examples\correct\incorrect_belt\conf_0.9827__incorrect_21_00007.jpg,incorrect_belt,incorrect_belt,0.9826722145080566,True
C:\Users\sasha\PycharmProjects\seatbelt_recognition\data\processed\test\incorrect_belt\incorrect_21_00008.jpg,C:\Users\sasha\PycharmProjects\seatbelt_recognition\results\prediction_examples\correct\incorrect_belt\conf_0.9853__incorrect_21_00008.jpg,incorrect_belt,incorrect_belt,0.9852832555770874,True
C:\Users\sasha\PycharmProjects\seatbelt_recognition\data\processed\test\incorrect_belt\incorrect_21_00009.jpg,C:\Users\sasha\PycharmProjects\seatbelt_recognition\results\prediction_examples\correct\incorrect_belt\conf_0.9889__incorrect_21_00009.jpg,incorrect_belt,incorrect_belt,0.9888600707054138,True
C:\Users\sasha\PycharmProjects\seatbelt_recognition\data\processed\test\incorrect_belt\incorrect_21_00010.jpg,C:\Users\sasha\PycharmProjects\seatbelt_recognition\results\prediction_examples\correct\incorrect_belt\conf_0.9922__incorrect_21_00010.jpg,incorrect_belt,incorrect_belt,0.9921978116035461,True
C:\Users\sasha\PycharmProjects\seatbelt_recognition\data\processed\test\incorrect_belt\incorrect_21_00011.jpg,C:\Users\sasha\PycharmProjects\seatbelt_recognition\results\prediction_examples\correct\incorrect_belt\conf_0.9987__incorrect_21_00011.jpg,incorrect_belt,incorrect_belt,0.9986730813980103,True
C:\Users\sasha\PycharmProjects\seatbelt_recognition\data\processed\test\incorrect_belt\incorrect_21_00012.jpg,C:\Users\sasha\PycharmProjects\seatbelt_recognition\results\prediction_examples\correct\incorrect_belt\conf_0.9983__incorrect_21_00012.jpg,incorrect_belt,incorrect_belt,0.9982573390007019,True
C:\Users\sasha\PycharmProjects\seatbelt_recognition\data\processed\test\incorrect_belt\incorrect_21_00013.jpg,C:\Users\sasha\PycharmProjects\seatbelt_recognition\results\prediction_examples\correct\incorrect_belt\conf_0.9192__incorrect_21_00013.jpg,incorrect_belt,incorrect_belt,0.9191697835922241,True
C:\Users\sasha\PycharmProjects\seatbelt_recognition\data\processed\test\incorrect_belt\incorrect_21_00014.jpg,C:\Users\sasha\PycharmProjects\seatbelt_recognition\results\prediction_examples\correct\incorrect_belt\conf_0.9727__incorrect_21_00014.jpg,incorrect_belt,incorrect_belt,0.9726613759994507,True
C:\Users\sasha\PycharmProjects\seatbelt_recognition\data\processed\test\incorrect_belt\incorrect_21_00015.jpg,C:\Users\sasha\PycharmProjects\seatbelt_recognition\results\prediction_examples\correct\incorrect_belt\conf_0.9788__incorrect_21_00015.jpg,incorrect_belt,incorrect_belt,0.9787904620170593,True
C:\Users\sasha\PycharmProjects\seatbelt_recognition\data\processed\test\incorrect_belt\incorrect_21_00016.jpg,C:\Users\sasha\PycharmProjects\seatbelt_recognition\results\prediction_examples\correct\incorrect_belt\conf_0.9976__incorrect_21_00016.jpg,incorrect_belt,incorrect_belt,0.9975652694702148,True
C:\Users\sasha\PycharmProjects\seatbelt_recognition\data\processed\test\incorrect_belt\incorrect_21_00017.jpg,C:\Users\sasha\PycharmProjects\seatbelt_recognition\results\prediction_examples\correct\incorrect_belt\conf_0.9841__incorrect_21_00017.jpg,incorrect_belt,incorrect_belt,0.9841001033782959,True
C:\Users\sasha\PycharmProjects\seatbelt_recognition\data\processed\test\incorrect_belt\incorrect_21_00018.jpg,C:\Users\sasha\PycharmProjects\seatbelt_recognition\results\prediction_examples\correct\incorrect_belt\conf_0.9899__incorrect_21_00018.jpg,incorrect_belt,incorrect_belt,0.9899340271949768,True
C:\Users\sasha\PycharmProjects\seatbelt_recognition\data\processed\test\incorrect_belt\incorrect_21_00019.jpg,C:\Users\sasha\PycharmProjects\seatbelt_recognition\results\prediction_examples\correct\incorrect_belt\conf_0.9954__incorrect_21_00019.jpg,incorrect_belt,incorrect_belt,0.9953935146331787,True
C:\Users\sasha\PycharmProjects\seatbelt_recognition\data\processed\test\incorrect_belt\incorrect_21_00020.jpg,C:\Users\sasha\PycharmProjects\seatbelt_recognition\results\prediction_examples\correct\incorrect_belt\conf_0.9971__incorrect_21_00020.jpg,incorrect_belt,incorrect_belt,0.9971471428871155,True
C:\Users\sasha\PycharmProjects\seatbelt_recognition\data\processed\test\incorrect_belt\incorrect_21_00021.jpg,C:\Users\sasha\PycharmProjects\seatbelt_recognition\results\prediction_examples\correct\incorrect_belt\conf_0.9978__incorrect_21_00021.jpg,incorrect_belt,incorrect_belt,0.9977942705154419,True
C:\Users\sasha\PycharmProjects\seatbelt_recognition\data\processed\test\incorrect_belt\incorrect_21_00022.jpg,C:\Users\sasha\PycharmProjects\seatbelt_recognition\results\prediction_examples\correct\incorrect_belt\conf_0.9996__incorrect_21_00022.jpg,incorrect_belt,incorrect_belt,0.9996329545974731,True
C:\Users\sasha\PycharmProjects\seatbelt_recognition\data\processed\test\incorrect_belt\incorrect_21_00023.jpg,C:\Users\sasha\PycharmProjects\seatbelt_recognition\results\prediction_examples\correct\incorrect_belt\conf_0.9994__incorrect_21_00023.jpg,incorrect_belt,incorrect_belt,0.9994012117385864,True
C:\Users\sasha\PycharmProjects\seatbelt_recognition\data\processed\test\incorrect_belt\incorrect_21_00024.jpg,C:\Users\sasha\PycharmProjects\seatbelt_recognition\results\prediction_examples\correct\incorrect_belt\conf_0.9967__incorrect_21_00024.jpg,incorrect_belt,incorrect_belt,0.996749758720398,True
C:\Users\sasha\PycharmProjects\seatbelt_recognition\data\processed\test\incorrect_belt\incorrect_21_00025.jpg,C:\Users\sasha\PycharmProjects\seatbelt_recognition\results\prediction_examples\correct\incorrect_belt\conf_0.9967__incorrect_21_00025.jpg,incorrect_belt,incorrect_belt,0.9966775178909302,True
C:\Users\sasha\PycharmProjects\seatbelt_recognition\data\processed\test\incorrect_belt\incorrect_21_00026.jpg,C:\Users\sasha\PycharmProjects\seatbelt_recognition\results\prediction_examples\correct\incorrect_belt\conf_0.9938__incorrect_21_00026.jpg,incorrect_belt,incorrect_belt,0.9937562942504883,True
C:\Users\sasha\PycharmProjects\seatbelt_recognition\data\processed\test\incorrect_belt\incorrect_21_00027.jpg,C:\Users\sasha\PycharmProjects\seatbelt_recognition\results\prediction_examples\correct\incorrect_belt\conf_0.9962__incorrect_21_00027.jpg,incorrect_belt,incorrect_belt,0.9962479472160339,True
C:\Users\sasha\PycharmProjects\seatbelt_recognition\data\processed\test\incorrect_belt\incorrect_21_00028.jpg,C:\Users\sasha\PycharmProjects\seatbelt_recognition\results\prediction_examples\correct\incorrect_belt\conf_0.9870__incorrect_21_00028.jpg,incorrect_belt,incorrect_belt,0.9870107173919678,True
C:\Users\sasha\PycharmProjects\seatbelt_recognition\data\processed\test\incorrect_belt\incorrect_21_00029.jpg,C:\Users\sasha\PycharmProjects\seatbelt_recognition\results\prediction_examples\correct\incorrect_belt\conf_0.9768__incorrect_21_00029.jpg,incorrect_belt,incorrect_belt,0.9768350124359131,True
C:\Users\sasha\PycharmProjects\seatbelt_recognition\data\processed\test\incorrect_belt\incorrect_21_00030.jpg,C:\Users\sasha\PycharmProjects\seatbelt_recognition\results\prediction_examples\correct\incorrect_belt\conf_0.9978__incorrect_21_00030.jpg,incorrect_belt,incorrect_belt,0.9977610111236572,True
C:\Users\sasha\PycharmProjects\seatbelt_recognition\data\processed\test\incorrect_belt\incorrect_21_00031.jpg,C:\Users\sasha\PycharmProjects\seatbelt_recognition\results\prediction_examples\correct\incorrect_belt\conf_0.9980__incorrect_21_00031.jpg,incorrect_belt,incorrect_belt,0.9979578256607056,True
C:\Users\sasha\PycharmProjects\seatbelt_recognition\data\processed\test\no_belt\-974_jpg.rf.utmFh2PhwmLPwgJTc3jr.jpg,C:\Users\sasha\PycharmProjects\seatbelt_recognition\results\prediction_examples\wrong\true_no_belt__pred_correct_belt\conf_0.9470__-974_jpg.rf.utmFh2PhwmLPwgJTc3jr.jpg,no_belt,correct_belt,0.947009801864624,False
C:\Users\sasha\PycharmProjects\seatbelt_recognition\data\processed\test\no_belt\1434_jpg.rf.MSNsjwbSswgjEkAhQkrK.jpg,C:\Users\sasha\PycharmProjects\seatbelt_recognition\results\prediction_examples\correct\no_belt\conf_0.9437__1434_jpg.rf.MSNsjwbSswgjEkAhQkrK.jpg,no_belt,no_belt,0.9436736106872559,True
C:\Users\sasha\PycharmProjects\seatbelt_recognition\data\processed\test\no_belt\221023-091302_jpg.rf.nSVrYHLUF0rlK2yPrqH3.jpg,C:\Users\sasha\PycharmProjects\seatbelt_recognition\results\prediction_examples\correct\no_belt\conf_1.0000__221023-091302_jpg.rf.nSVrYHLUF0rlK2yPrqH3.jpg,no_belt,no_belt,0.9999847412109375,True
C:\Users\sasha\PycharmProjects\seatbelt_recognition\data\processed\test\no_belt\Not-wearing-seat-belt-1716671_jpg.rf.apwC8LP8gOcOB0cp0rxu.jpg,C:\Users\sasha\PycharmProjects\seatbelt_recognition\results\prediction_examples\correct\no_belt\conf_0.9489__Not-wearing-seat-belt-1716671_jpg.rf.apwC8LP8gOcOB0cp0rxu.jpg,no_belt,no_belt,0.9489239454269409,True
C:\Users\sasha\PycharmProjects\seatbelt_recognition\data\processed\test\no_belt\driving-with-disability-adapted-vehicle-1_jpeg.rf.6AEa0UZl0UcnTpBRSqWf.jpeg,C:\Users\sasha\PycharmProjects\seatbelt_recognition\results\prediction_examples\wrong\true_no_belt__pred_correct_belt\conf_0.7316__driving-with-disability-adapted-vehicle-1_jpeg.rf.6AEa0UZl0UcnTpBRSqWf.jpeg,no_belt,correct_belt,0.731624186038971,False
C:\Users\sasha\PycharmProjects\seatbelt_recognition\data\processed\test\no_belt\enjoying-road-tripleisure-trippeople-travel-260nw-1442755127_webp.rf.qZYdl2jDTNxRSsYGLlet.webp,C:\Users\sasha\PycharmProjects\seatbelt_recognition\results\prediction_examples\correct\no_belt\conf_0.6566__enjoying-road-tripleisure-trippeople-travel-260nw-1442755127_webp.rf.qZYdl2jDTNxRSsYGLlet.webp,no_belt,no_belt,0.656642735004425,True
C:\Users\sasha\PycharmProjects\seatbelt_recognition\data\processed\test\no_belt\image4907_png.rf.I9F5aZq4OcGStq4NhPEl.png,C:\Users\sasha\PycharmProjects\seatbelt_recognition\results\prediction_examples\correct\no_belt\conf_1.0000__image4907_png.rf.I9F5aZq4OcGStq4NhPEl.png,no_belt,no_belt,0.9999792575836182,True
C:\Users\sasha\PycharmProjects\seatbelt_recognition\data\processed\test\no_belt\image4953_png.rf.TRyIV6OMspXW2aJEy51a.png,C:\Users\sasha\PycharmProjects\seatbelt_recognition\results\prediction_examples\correct\no_belt\conf_0.9999__image4953_png.rf.TRyIV6OMspXW2aJEy51a.png,no_belt,no_belt,0.9999302625656128,True
C:\Users\sasha\PycharmProjects\seatbelt_recognition\data\processed\test\no_belt\image610_png.rf.7vqnm6OemJUCgHxVbWlv.png,C:\Users\sasha\PycharmProjects\seatbelt_recognition\results\prediction_examples\correct\no_belt\conf_0.9944__image610_png.rf.7vqnm6OemJUCgHxVbWlv.png,no_belt,no_belt,0.9943918585777283,True
C:\Users\sasha\PycharmProjects\seatbelt_recognition\data\processed\test\no_belt\new10_jpg.rf.idYqGpShRSixF9DtuO2F.jpg,C:\Users\sasha\PycharmProjects\seatbelt_recognition\results\prediction_examples\wrong\true_no_belt__pred_correct_belt\conf_0.9455__new10_jpg.rf.idYqGpShRSixF9DtuO2F.jpg,no_belt,correct_belt,0.9455488920211792,False
C:\Users\sasha\PycharmProjects\seatbelt_recognition\data\processed\test\no_belt\new44_jpg.rf.zgex8MY3QwdfC46C4YmZ.jpg,C:\Users\sasha\PycharmProjects\seatbelt_recognition\results\prediction_examples\wrong\true_no_belt__pred_correct_belt\conf_0.9986__new44_jpg.rf.zgex8MY3QwdfC46C4YmZ.jpg,no_belt,correct_belt,0.998578667640686,False
C:\Users\sasha\PycharmProjects\seatbelt_recognition\data\processed\test\no_belt\new8_jpg.rf.GZn1Qqe0XKl84vxWAKOE.jpg,C:\Users\sasha\PycharmProjects\seatbelt_recognition\results\prediction_examples\wrong\true_no_belt__pred_correct_belt\conf_0.9461__new8_jpg.rf.GZn1Qqe0XKl84vxWAKOE.jpg,no_belt,correct_belt,0.9461021423339844,False
C:\Users\sasha\PycharmProjects\seatbelt_recognition\data\processed\test\no_belt\notwearingseatbelt_jpg.rf.sgpMUWqIXAF51UPbiKQc.jpg,C:\Users\sasha\PycharmProjects\seatbelt_recognition\results\prediction_examples\wrong\true_no_belt__pred_correct_belt\conf_0.9999__notwearingseatbelt_jpg.rf.sgpMUWqIXAF51UPbiKQc.jpg,no_belt,correct_belt,0.9998652935028076,False
C:\Users\sasha\PycharmProjects\seatbelt_recognition\data\processed\test\no_belt\safedriving_000320.jpg,C:\Users\sasha\PycharmProjects\seatbelt_recognition\results\prediction_examples\wrong\true_no_belt__pred_correct_belt\conf_1.0000__safedriving_000320.jpg,no_belt,correct_belt,0.9999955892562866,False
C:\Users\sasha\PycharmProjects\seatbelt_recognition\data\processed\test\no_belt\safedriving_000322.jpg,C:\Users\sasha\PycharmProjects\seatbelt_recognition\results\prediction_examples\correct\no_belt\conf_1.0000__safedriving_000322.jpg,no_belt,no_belt,0.9999994039535522,True
C:\Users\sasha\PycharmProjects\seatbelt_recognition\data\processed\test\no_belt\safedriving_000323.jpg,C:\Users\sasha\PycharmProjects\seatbelt_recognition\results\prediction_examples\correct\no_belt\conf_1.0000__safedriving_000323.jpg,no_belt,no_belt,0.9999773502349854,True
C:\Users\sasha\PycharmProjects\seatbelt_recognition\data\processed\test\no_belt\safedriving_000324.jpg,C:\Users\sasha\PycharmProjects\seatbelt_recognition\results\prediction_examples\correct\no_belt\conf_0.9996__safedriving_000324.jpg,no_belt,no_belt,0.9996172189712524,True
C:\Users\sasha\PycharmProjects\seatbelt_recognition\data\processed\test\no_belt\safedriving_000327.jpg,C:\Users\sasha\PycharmProjects\seatbelt_recognition\results\prediction_examples\correct\no_belt\conf_1.0000__safedriving_000327.jpg,no_belt,no_belt,0.9999593496322632,True
C:\Users\sasha\PycharmProjects\seatbelt_recognition\data\processed\test\no_belt\safedriving_000330.jpg,C:\Users\sasha\PycharmProjects\seatbelt_recognition\results\prediction_examples\correct\no_belt\conf_0.9996__safedriving_000330.jpg,no_belt,no_belt,0.9996080994606018,True
C:\Users\sasha\PycharmProjects\seatbelt_recognition\data\processed\test\no_belt\safedriving_000332.jpg,C:\Users\sasha\PycharmProjects\seatbelt_recognition\results\prediction_examples\wrong\true_no_belt__pred_correct_belt\conf_0.9999__safedriving_000332.jpg,no_belt,correct_belt,0.9998917579650879,False
C:\Users\sasha\PycharmProjects\seatbelt_recognition\data\processed\test\no_belt\safedriving_000333.jpg,C:\Users\sasha\PycharmProjects\seatbelt_recognition\results\prediction_examples\correct\no_belt\conf_1.0000__safedriving_000333.jpg,no_belt,no_belt,0.9999967813491821,True
C:\Users\sasha\PycharmProjects\seatbelt_recognition\data\processed\test\no_belt\safedriving_000337.jpg,C:\Users\sasha\PycharmProjects\seatbelt_recognition\results\prediction_examples\correct\no_belt\conf_0.9997__safedriving_000337.jpg,no_belt,no_belt,0.9996832609176636,True
C:\Users\sasha\PycharmProjects\seatbelt_recognition\data\processed\test\no_belt\safedriving_000340.jpg,C:\Users\sasha\PycharmProjects\seatbelt_recognition\results\prediction_examples\correct\no_belt\conf_1.0000__safedriving_000340.jpg,no_belt,no_belt,0.9999693632125854,True
C:\Users\sasha\PycharmProjects\seatbelt_recognition\data\processed\test\no_belt\safedriving_000343.jpg,C:\Users\sasha\PycharmProjects\seatbelt_recognition\results\prediction_examples\correct\no_belt\conf_1.0000__safedriving_000343.jpg,no_belt,no_belt,0.9999849796295166,True
C:\Users\sasha\PycharmProjects\seatbelt_recognition\data\processed\test\no_belt\safedriving_000344.jpg,C:\Users\sasha\PycharmProjects\seatbelt_recognition\results\prediction_examples\correct\no_belt\conf_0.9999__safedriving_000344.jpg,no_belt,no_belt,0.9999232292175293,True
C:\Users\sasha\PycharmProjects\seatbelt_recognition\data\processed\test\no_belt\safedriving_000349.jpg,C:\Users\sasha\PycharmProjects\seatbelt_recognition\results\prediction_examples\correct\no_belt\conf_0.6866__safedriving_000349.jpg,no_belt,no_belt,0.6865947842597961,True
C:\Users\sasha\PycharmProjects\seatbelt_recognition\data\processed\test\no_belt\safedriving_000350.jpg,C:\Users\sasha\PycharmProjects\seatbelt_recognition\results\prediction_examples\correct\no_belt\conf_0.9358__safedriving_000350.jpg,no_belt,no_belt,0.9357763528823853,True
C:\Users\sasha\PycharmProjects\seatbelt_recognition\data\processed\test\no_belt\safedriving_000352.jpg,C:\Users\sasha\PycharmProjects\seatbelt_recognition\results\prediction_examples\correct\no_belt\conf_0.9999__safedriving_000352.jpg,no_belt,no_belt,0.9999117851257324,True
C:\Users\sasha\PycharmProjects\seatbelt_recognition\data\processed\test\no_belt\safedriving_000354.jpg,C:\Users\sasha\PycharmProjects\seatbelt_recognition\results\prediction_examples\correct\no_belt\conf_0.9997__safedriving_000354.jpg,no_belt,no_belt,0.9997058510780334,True
C:\Users\sasha\PycharmProjects\seatbelt_recognition\data\processed\test\no_belt\safedriving_000357.jpg,C:\Users\sasha\PycharmProjects\seatbelt_recognition\results\prediction_examples\correct\no_belt\conf_0.9999__safedriving_000357.jpg,no_belt,no_belt,0.9999403953552246,True
C:\Users\sasha\PycharmProjects\seatbelt_recognition\data\processed\test\no_belt\safedriving_000359.jpg,C:\Users\sasha\PycharmProjects\seatbelt_recognition\results\prediction_examples\correct\no_belt\conf_0.9309__safedriving_000359.jpg,no_belt,no_belt,0.9308610558509827,True
C:\Users\sasha\PycharmProjects\seatbelt_recognition\data\processed\test\no_belt\safedriving_000360.jpg,C:\Users\sasha\PycharmProjects\seatbelt_recognition\results\prediction_examples\correct\no_belt\conf_0.5122__safedriving_000360.jpg,no_belt,no_belt,0.5122181177139282,True
C:\Users\sasha\PycharmProjects\seatbelt_recognition\data\processed\test\no_belt\safedriving_000363.jpg,C:\Users\sasha\PycharmProjects\seatbelt_recognition\results\prediction_examples\correct\no_belt\conf_1.0000__safedriving_000363.jpg,no_belt,no_belt,0.9999964237213135,True
C:\Users\sasha\PycharmProjects\seatbelt_recognition\data\processed\test\no_belt\safedriving_000365.jpg,C:\Users\sasha\PycharmProjects\seatbelt_recognition\results\prediction_examples\correct\no_belt\conf_0.9987__safedriving_000365.jpg,no_belt,no_belt,0.998715877532959,True
C:\Users\sasha\PycharmProjects\seatbelt_recognition\data\processed\test\no_belt\safedriving_000366.jpg,C:\Users\sasha\PycharmProjects\seatbelt_recognition\results\prediction_examples\wrong\true_no_belt__pred_correct_belt\conf_0.9904__safedriving_000366.jpg,no_belt,correct_belt,0.9903698563575745,False
C:\Users\sasha\PycharmProjects\seatbelt_recognition\data\processed\test\no_belt\safedriving_000368.jpg,C:\Users\sasha\PycharmProjects\seatbelt_recognition\results\prediction_examples\correct\no_belt\conf_0.9995__safedriving_000368.jpg,no_belt,no_belt,0.9995488524436951,True
C:\Users\sasha\PycharmProjects\seatbelt_recognition\data\processed\test\no_belt\safedriving_000375.jpg,C:\Users\sasha\PycharmProjects\seatbelt_recognition\results\prediction_examples\correct\no_belt\conf_0.9998__safedriving_000375.jpg,no_belt,no_belt,0.9997722506523132,True
C:\Users\sasha\PycharmProjects\seatbelt_recognition\data\processed\test\no_belt\safedriving_000377.jpg,C:\Users\sasha\PycharmProjects\seatbelt_recognition\results\prediction_examples\correct\no_belt\conf_1.0000__safedriving_000377.jpg,no_belt,no_belt,0.9999988079071045,True
C:\Users\sasha\PycharmProjects\seatbelt_recognition\data\processed\test\no_belt\seatbelt-150_jpg.rf.kxPfsXAjf2DSGBR8o5se.jpg,C:\Users\sasha\PycharmProjects\seatbelt_recognition\results\prediction_examples\wrong\true_no_belt__pred_correct_belt\conf_0.9965__seatbelt-150_jpg.rf.kxPfsXAjf2DSGBR8o5se.jpg,no_belt,correct_belt,0.9965413212776184,False
C:\Users\sasha\PycharmProjects\seatbelt_recognition\data\processed\test\no_belt\seatbelt-philippines-law-not-wearning-seatbelt-67a7_jpg.rf.jmTs37ZR3dJ1WDSE81pe.jpg,C:\Users\sasha\PycharmProjects\seatbelt_recognition\results\prediction_examples\correct\no_belt\conf_0.9836__seatbelt-philippines-law-not-wearning-seatbelt-67a7_jpg.rf.jmTs37ZR3dJ1WDSE81pe.jpg,no_belt,no_belt,0.9836114048957825,True
C:\Users\sasha\PycharmProjects\seatbelt_recognition\data\processed\test\no_belt\th (2)_jpg.rf.q9cvnsg3MgLHB7NacRad.jpg,C:\Users\sasha\PycharmProjects\seatbelt_recognition\results\prediction_examples\wrong\true_no_belt__pred_correct_belt\conf_0.9913__th (2)_jpg.rf.q9cvnsg3MgLHB7NacRad.jpg,no_belt,correct_belt,0.9912633895874023,False
C:\Users\sasha\PycharmProjects\seatbelt_recognition\data\processed\test\no_belt\woman-driving-a-car-while-not-wearing-seatbelt_jpg.rf.gusoJ4GL1NKcouEOMuq5.jpg,C:\Users\sasha\PycharmProjects\seatbelt_recognition\results\prediction_examples\wrong\true_no_belt__pred_correct_belt\conf_0.9603__woman-driving-a-car-while-not-wearing-seatbelt_jpg.rf.gusoJ4GL1NKcouEOMuq5.jpg,no_belt,correct_belt,0.9603074193000793,False
